GenSpec,Group,LF,GF,Fam,Biomes,Status,Range,Habitat_degradation,Habitat_loss,IAS,Other,Over_exploitation,Pollution,Unknown
1020_4001,NotThr,Perennial,Parasitic,LAURACEAE,Generalist,LC,188,Yes,Yes,Yes,No,No,No,No
1023_1,Thr,Perennial,Tree,LAURACEAE,Generalist,EN,6899,Yes,Yes,Yes,Yes,No,No,No
1028_9,NotThr,Perennial,Suffrutex,SCROPHULARIACEAE,Succulent Karoo,LC,46341,No,No,No,No,No,No,No
1029_1,NotThr,Annual,Herb,SCROPHULARIACEAE,Generalist,LC,465969,No,No,No,No,No,No,No
1031_125,Thr,Perennial,Lithophyte,SCROPHULARIACEAE,Fynbos,VU,50,No,No,No,No,No,No,No
1031_13,NotThr,Perennial,Herb,SCROPHULARIACEAE,Generalist,LC,414160,Yes,Yes,Yes,No,No,Yes,No
1031_3,NotThr,Annual,Herb,SCROPHULARIACEAE,Generalist,LC,15526,No,Yes,No,No,No,No,No
1036_11,NotThr,Annual,Herb,SCROPHULARIACEAE,Succulent Karoo,LC,11948,No,No,No,No,No,No,No
1036_18,NotThr,Annual,Herb,SCROPHULARIACEAE,Fynbos,LC,35478,Yes,Yes,Yes,No,No,No,No
1043_19,NotThr,Perennial,Shrub,SCROPHULARIACEAE,Generalist,LC,393214,No,No,No,No,No,No,No
1043_2,NotThr,Perennial,Shrub,SCROPHULARIACEAE,Generalist,LC,352985,No,No,No,No,No,No,No
1050_10,Thr,Perennial,Shrub,SCROPHULARIACEAE,Succulent Karoo,EN,50,No,No,No,No,No,No,No
1051_7,Thr,Annual,Herb,SCROPHULARIACEAE,Fynbos,CRPE,100,No,Yes,No,No,No,No,No
1052_9,NotThr,Annual,Herb,SCROPHULARIACEAE,Nama Karoo,LC,106754,No,No,No,No,No,No,Yes
1063_11,NotThr,Annual,Herb,SCROPHULARIACEAE,Generalist,LC,2926,No,No,No,No,No,No,No
1063_5,NotThr,Annual,Herb,SCROPHULARIACEAE,Fynbos,Rare,267,No,No,No,No,No,No,No
1063_8,NotThr,Perennial,Herb,SCROPHULARIACEAE,Fynbos,Rare,242,No,No,No,No,No,No,No
1065_2,NotThr,Annual,Herb,SCROPHULARIACEAE,Fynbos,Critically Rare,50,No,No,No,No,No,No,No
1065_7,NotThr,Annual,Herb,SCROPHULARIACEAE,Fynbos,Rare,387,No,No,No,No,No,No,No
1074_18,NotThr,Perennial,Herb,SCROPHULARIACEAE,Grassland,LC,36142,Yes,Yes,Yes,No,No,No,No
1074_4,NotThr,Perennial,Shrub,SCROPHULARIACEAE,Generalist,LC,18070,No,No,No,No,No,No,No
1074_44,Thr,Perennial,Shrub,SCROPHULARIACEAE,Generalist,VU,9878,Yes,No,No,Yes,No,No,No
1074_47,NotThr,Perennial,Herb,SCROPHULARIACEAE,Generalist,LC,32528,Yes,No,Yes,No,No,No,No
1074_64,NotThr,Perennial,Shrub,SCROPHULARIACEAE,Generalist,LC,7459,No,No,No,No,No,No,No
1082_101,Thr,Perennial,Shrub,SCROPHULARIACEAE,Succulent Karoo,VU,4466,Yes,No,No,No,No,No,No
1082_4,NotThr,Perennial,Herb,SCROPHULARIACEAE,Fynbos,NT,7333,No,Yes,No,No,No,No,No
1082_72,Thr,Annual,Herb,SCROPHULARIACEAE,Fynbos,CRPE,7,No,Yes,No,No,No,No,No
1082_80,NotThr,Annual,Herb,SCROPHULARIACEAE,Generalist,LC,12166,No,No,No,No,No,No,No
1082_96,Thr,Annual,Shrub,SCROPHULARIACEAE,Fynbos,CRPE,100,Yes,Yes,No,No,No,No,No
1093_137,NotThr,Perennial,Herb,SCROPHULARIACEAE,IOCB,LC,2077,Yes,Yes,Yes,No,Yes,No,No
1093_143,Thr,Perennial,Shrub,SCROPHULARIACEAE,Albany Thicket,CRPE,100,No,Yes,Yes,No,No,No,No
1093_247,NotThr,Perennial,Shrub,SCROPHULARIACEAE,Fynbos,Rare,50,No,No,No,No,No,No,No
1093_249,NotThr,Perennial,Shrub,SCROPHULARIACEAE,Generalist,LC,11356,Yes,No,No,No,No,No,No
1093_279,Thr,Perennial,Shrub,SCROPHULARIACEAE,Fynbos,VU,2182,No,Yes,No,No,No,No,No
1093_60,NotThr,Perennial,Shrub,SCROPHULARIACEAE,Generalist,LC,15143,No,No,No,No,No,No,No
1093_77,Thr,Perennial,Shrub,SCROPHULARIACEAE,Fynbos,VU,2764,No,Yes,Yes,No,No,No,No
1094_14,Thr,Perennial,Shrub,SCROPHULARIACEAE,Fynbos,VU,139,No,No,No,No,No,No,No
1094_18,NotThr,Annual,Herb,SCROPHULARIACEAE,Generalist,LC,12654,No,No,No,No,No,No,No
1094_42,NotThr,Annual,Herb,SCROPHULARIACEAE,Fynbos,LC,11693,No,Yes,No,No,No,No,No
1111_17,NotThr,Annual,Herb,SCROPHULARIACEAE,Grassland,Rare,26225,No,No,No,No,No,No,No
1111_24,NotThr,Annual,Herb,SCROPHULARIACEAE,Fynbos,Critically Rare,50,No,No,No,No,No,No,No
1111_28,NotThr,Annual,Herb,SCROPHULARIACEAE,Succulent Karoo,LC,8164,No,No,No,No,No,No,No
1111_49,NotThr,Perennial,Herb,SCROPHULARIACEAE,Grassland,LC,61380,Yes,Yes,Yes,No,No,No,No
1111_66,NotThr,Perennial,Herb,SCROPHULARIACEAE,Grassland,LC,230473,Yes,Yes,Yes,No,Yes,No,No
1111_98,NotThr,Annual,Herb,SCROPHULARIACEAE,Succulent Karoo,Rare,83,No,No,No,No,No,No,No
1114_17,NotThr,Annual,Herb,OROBANCHACEAE/SCROPHULARIACEAE,Generalist,LC,751100,Yes,No,Yes,No,No,No,No
1114_4001,NotThr,Annual,Parasitic,OROBANCHACEAE,Generalist,LC,903415,Yes,Yes,Yes,No,Yes,Yes,No
1115_19,NotThr,Annual,Herb,SCROPHULARIACEAE,Fynbos,LC,14778,Yes,No,No,No,No,No,No
1115_54,EX,Annual,Herb,SCROPHULARIACEAE,Fynbos,EX,20,No,Yes,No,No,No,No,No
1121_2,NotThr,Annual,Herb,SCROPHULARIACEAE,Generalist,LC,135012,No,No,No,No,No,No,No
1121_77,NotThr,Annual,Herb,SCROPHULARIACEAE,Generalist,LC,40050,No,Yes,Yes,No,No,No,No
1129_17,NotThr,Perennial,Tree,BRASSICACEAE,Generalist,LC,176102,Yes,No,Yes,No,No,No,No
1132_30,NotThr,Annual,Herb,BRASSICACEAE,Savanna,LC,1138184,Yes,Yes,Yes,No,No,No,No
115_296,NotThr,Perennial,Succulent,AIZOACEAE,Generalist,LC,5765,No,No,No,No,No,No,No
115_326,NotThr,Perennial,Succulent,AIZOACEAE,Generalist,LC,3610,No,No,No,No,Yes,No,No
115_336,Thr,Perennial,Succulent,AIZOACEAE,Nama Karoo,CRPE,5000,No,No,No,No,No,No,Yes
115_4011,NotThr,Perennial,Succulent,AIZOACEAE,Succulent Karoo,LC,20246,No,No,No,No,Yes,No,No
115_432,EX,Perennial,Succulent,AIZOACEAE,Succulent Karoo,EW,10,Yes,No,No,No,Yes,No,No
115_463,NotThr,Perennial,Succulent,AIZOACEAE,Generalist,LC,13050,No,No,No,No,Yes,No,No
115_699,Thr,Perennial,Succulent,AIZOACEAE,Succulent Karoo,EN,6,No,No,No,No,Yes,No,No
115_725,Thr,Perennial,Succulent,AIZOACEAE,Succulent Karoo,VU,2,No,No,No,No,No,No,No
115_737,Thr,Perennial,Succulent,AIZOACEAE,Succulent Karoo,VU,50,No,No,No,No,No,No,No
1156_2,NotThr,Annual,Graminoid,POACEAE,Savanna,LC,324553,No,No,No,No,No,No,No
1161_6,NotThr,Annual,Graminoid,POACEAE,Generalist,LC,50470,Yes,No,No,No,No,No,No
117_3,Thr,Perennial,Succulent,AIZOACEAE,Generalist,VU,599,Yes,No,No,No,No,No,No
1172_39,NotThr,Annual,Graminoid,POACEAE,Generalist,LC,49341,No,No,No,No,No,No,No
1172_50,Thr,Annual,Graminoid,POACEAE,Fynbos,EN,144,Yes,Yes,No,No,No,No,No
1172_7,NotThr,Perennial,Graminoid,POACEAE,Generalist,LC,92699,No,No,No,No,No,No,No
1172_94,Thr,Annual,Graminoid,POACEAE,Fynbos,VU,50,No,No,No,No,No,No,No
1180_1,NotThr,Perennial,Graminoid,POACEAE,Generalist,LC,1136612,Yes,Yes,Yes,No,No,Yes,No
1217_25,NotThr,Perennial,Graminoid,POACEAE,Generalist,LC,304383,No,No,No,No,No,Yes,No
122_60,NotThr,Perennial,Succulent,AIZOACEAE,Succulent Karoo,Rare,68,No,No,No,No,No,No,No
1227_1,NotThr,Perennial,Graminoid,POACEAE,Grassland,LC,4233,No,No,No,No,No,No,No
1235_44,NotThr,Perennial,Graminoid,POACEAE,Savanna,LC,41320,No,No,No,No,No,No,No
1257_29,NotThr,Perennial,Graminoid,POACEAE,Generalist,LC,8496,No,No,No,No,No,No,No
1257_66,NotThr,Perennial,Graminoid,POACEAE,Grassland,LC,10085,No,No,No,No,No,No,No
1257_72,NotThr,Perennial,Graminoid,POACEAE,Generalist,LC,65302,No,Yes,No,No,No,No,No
126_3,Thr,Perennial,Succulent,AIZOACEAE,Generalist,VU,3310,Yes,No,Yes,No,Yes,No,No
1262_12,NotThr,Perennial,Graminoid,POACEAE,Generalist,LC,737461,Yes,Yes,Yes,No,No,Yes,No
1262_13,NotThr,Perennial,Graminoid,POACEAE,Savanna,LC,897,No,No,No,No,No,No,No
1262_33,NotThr,Perennial,Graminoid,POACEAE,Nama Karoo,LC,107947,No,No,No,No,No,No,No
1275_17,NotThr,Annual,Graminoid,POACEAE,Generalist,LC,596449,Yes,No,Yes,Yes,No,No,No
1299_1,NotThr,Perennial,Graminoid,POACEAE,Grassland,LC,178063,Yes,No,No,No,No,No,No
1309_10,NotThr,Perennial,Graminoid,POACEAE,Generalist,NT*,25059,Yes,Yes,No,No,No,No,No
131_1,NotThr,Perennial,Succulent,AIZOACEAE,Succulent Karoo,LC,587,No,No,No,No,No,No,No
1314_1,NotThr,Perennial,Graminoid,POACEAE,Generalist,LC,1709177,Yes,Yes,Yes,No,No,No,No
133_38,NotThr,Perennial,Succulent,AIZOACEAE,Succulent Karoo,LC,2501,No,No,No,No,No,No,No
133_71,Thr,Perennial,Succulent,AIZOACEAE,Fynbos,VU,4670,Yes,Yes,No,No,No,No,No
133_98,NotThr,Perennial,Succulent,AIZOACEAE,Generalist,LC,10684,No,Yes,No,No,No,No,No
1330_11,Thr,Perennial,Graminoid,POACEAE,Fynbos,CRPE,200,No,No,No,No,No,No,Yes
1330_2,NotThr,Perennial,Graminoid,POACEAE,Generalist,LC,230406,No,No,No,No,No,No,No
1335_6,NotThr,Perennial,Graminoid,POACEAE,Generalist,LC,940137,Yes,No,Yes,No,No,No,No
1357_37,NotThr,Perennial,Graminoid,POACEAE,Fynbos,Rare,214,No,No,No,No,No,No,No
1357_5,NotThr,Perennial,Graminoid,POACEAE,Fynbos,LC,81617,No,No,No,No,No,No,No
136_7,NotThr,Perennial,Succulent,AIZOACEAE,Succulent Karoo,LC,4405,No,Yes,No,No,No,No,No
1367_3,NotThr,Annual,Graminoid,POACEAE,Savanna,LC,101028,No,No,No,No,No,No,No
1367_4002,NotThr,Annual,Graminoid,POACEAE,Generalist,LC,372939,No,No,No,No,No,No,No
1367_91,NotThr,Perennial,Graminoid,POACEAE,Generalist,LC,389209,No,No,No,No,No,No,No
1367_98,NotThr,Perennial,Graminoid,POACEAE,Generalist,LC,715388,No,Yes,Yes,No,Yes,No,No
137_111,NotThr,Perennial,Succulent,AIZOACEAE,Savanna,LC,49209,No,No,No,No,No,No,Yes
137_76,Thr,Perennial,Succulent,AIZOACEAE,Albany Thicket,CRPE,39,No,Yes,No,No,No,No,No
1373_25,NotThr,Annual,Graminoid,POACEAE,Savanna,LC,184464,No,No,No,No,No,No,No
138_33,Thr,Perennial,Succulent,AIZOACEAE,Fynbos,CRPE,1000,No,Yes,No,No,No,No,No
138_53,Thr,Perennial,Succulent,AIZOACEAE,Generalist,EN,320,No,Yes,Yes,No,No,No,No
1380_1,NotThr,Perennial,Graminoid,POACEAE,Grassland,LC,91710,Yes,No,Yes,No,No,No,No
140_5,Thr,Perennial,Succulent,AIZOACEAE,Desert,EN,1400,Yes,Yes,No,No,No,No,No
141_4,NotThr,Perennial,Succulent,AIZOACEAE,Generalist,LC,2975,No,No,No,No,No,No,No
1418_3,NotThr,Perennial,Shrub,RUBIACEAE,Succulent Karoo,LC,20803,No,Yes,No,No,No,No,No
1418_6,NotThr,Perennial,Shrub,RUBIACEAE,Fynbos,LC,7221,No,Yes,No,No,No,No,No
1420_2,NotThr,Perennial,Herb,RUBIACEAE,Generalist,LC,368559,No,Yes,Yes,No,No,No,No
1430_23,NotThr,Perennial,Shrub,RUBIACEAE,Savanna,LC,905,No,No,No,No,No,No,No
1436_2,NotThr,Perennial,Herb,RUBIACEAE,Generalist,LC,258330,No,No,No,No,No,No,No
1443_21,NotThr,Perennial,Herb,RUBIACEAE,Fynbos,Critically Rare,3,No,No,No,No,No,No,No
1446_66,NotThr,Perennial,Shrub,RUBIACEAE,Savanna,LC,961,No,No,No,No,No,No,No
145_1,Thr,Perennial,Succulent,AIZOACEAE,Generalist,EN,749,Yes,No,No,No,No,No,No
1460_2,NotThr,Perennial,Tree,RUBIACEAE,Generalist,LC,74646,No,No,No,Yes,Yes,No,No
1468_3,Thr,Perennial,Shrub,RUBIACEAE,Fynbos,CRPE,500,No,Yes,No,No,No,No,No
14756_1,NotThr,Annual,Herb,ASTERACEAE,Generalist,LC,273133,No,No,No,No,No,No,No
148_54,NotThr,Perennial,Succulent,AIZOACEAE,Generalist,LC,44929,No,No,No,No,No,No,No
1499_28,NotThr,Annual,Herb,BORAGINACEAE,Savanna,LC,617510,No,No,No,No,No,No,No
1511_41,NotThr,Perennial,Tree,BURSERACEAE,Savanna,LC,82655,No,No,No,No,No,No,No
1515_1,NotThr,Perennial,Geophyte,IRIDACEAE,Generalist,LC,410126,Yes,Yes,Yes,No,Yes,No,No
1515_17,NotThr,Perennial,Geophyte,IRIDACEAE,Generalist,LC,512986,Yes,Yes,Yes,No,No,Yes,No
1515_18,NotThr,Perennial,Geophyte,IRIDACEAE,Forest,LC,5864,No,No,Yes,No,No,No,No
1515_50,Thr,Perennial,Geophyte,IRIDACEAE,Fynbos,EN,1437,Yes,No,Yes,No,No,No,No
1516_3,NotThr,Perennial,Shrub,IRIDACEAE,Fynbos,LC,5880,No,No,No,No,No,No,No
1518_32,NotThr,Perennial,Geophyte,IRIDACEAE,Fynbos,Rare,17,No,No,No,No,No,No,No
152_1,NotThr,Perennial,Succulent,AIZOACEAE,Generalist,NT,1863,Yes,Yes,Yes,No,Yes,Yes,No
15258_1,NotThr,Perennial,Shrub,ASTERACEAE,Savanna,LC,196552,No,No,No,No,No,No,No
15259_4,NotThr,Annual,Herb,ASTERACEAE,Savanna,LC,155836,No,No,No,No,No,No,No
15262_1,EX,Perennial,Cyperoid,ASTERACEAE,IOCB,EX,50,No,Yes,No,No,No,No,No
15326_1,NotThr,Perennial,Herb,ASTERACEAE,Savanna,LC,124498,No,No,No,No,No,No,No
1533_10,NotThr,Perennial,Geophyte,IRIDACEAE,Generalist,Rare,266362,No,No,No,No,No,No,No
1533_106,NotThr,Perennial,Geophyte,IRIDACEAE,Fynbos,Rare,120,No,No,No,No,No,No,No
1533_117,NotThr,Perennial,Geophyte,IRIDACEAE,Grassland,Rare,881,No,No,No,No,No,No,No
1533_31,NotThr,Perennial,Geophyte,IRIDACEAE,Generalist,LC,607,No,No,No,No,No,No,No
1533_47,Thr,Perennial,Geophyte,IRIDACEAE,Fynbos,EN,1152,Yes,Yes,Yes,No,No,No,No
1533_67,Thr,Perennial,Geophyte,IRIDACEAE,Fynbos,CRPE,100,No,Yes,No,No,No,No,No
1533_68,NotThr,Perennial,Geophyte,IRIDACEAE,Grassland,LC,12555,No,No,No,No,No,No,No
1534_148,Thr,Perennial,Geophyte,IRIDACEAE,Succulent Karoo,CR,10,No,Yes,No,No,No,No,No
1534_19,Thr,Perennial,Geophyte,IRIDACEAE,Fynbos,CRPE,10,No,No,No,No,No,No,Yes
1534_31,NotThr,Perennial,Geophyte,IRIDACEAE,Fynbos,NT,3757,No,Yes,No,No,No,No,No
1535_100,Thr,Perennial,Geophyte,IRIDACEAE,Generalist,VU,283,Yes,No,No,No,No,No,No
1535_18,NotThr,Perennial,Geophyte,IRIDACEAE,Fynbos,LC,12195,No,No,No,No,No,No,No
1535_19,NotThr,Perennial,Geophyte,IRIDACEAE,Succulent Karoo,LC,708,No,No,No,No,No,No,No
1535_27,Thr,Perennial,Geophyte,IRIDACEAE,Fynbos,EN,365,Yes,Yes,Yes,No,No,Yes,No
1535_29,NotThr,Perennial,Geophyte,IRIDACEAE,Fynbos,NT,759,Yes,Yes,Yes,No,No,No,No
1535_35,NotThr,Perennial,Geophyte,IRIDACEAE,Generalist,LC,140362,Yes,Yes,Yes,No,No,No,No
1537_2,NotThr,Perennial,Geophyte,IRIDACEAE,Fynbos,LC,8003,No,No,No,No,No,No,No
1537_20,Thr,Perennial,Geophyte,IRIDACEAE,Fynbos,CRPE,50,Yes,Yes,Yes,No,No,No,No
1542_4,Thr,Perennial,Geophyte,IRIDACEAE,Albany Thicket,VU,592,No,Yes,No,No,No,No,No
1543_13,Thr,Perennial,Geophyte,IRIDACEAE,Generalist,VU,2679,Yes,Yes,Yes,No,No,No,No
1543_8,Thr,Perennial,Geophyte,IRIDACEAE,Fynbos,VU,8270,Yes,Yes,No,No,No,No,No
15434_1,NotThr,Perennial,Graminoid,POACEAE,Grassland,LC,1760,No,No,No,No,No,No,No
1544_14,NotThr,Perennial,Geophyte,IRIDACEAE,Grassland,LC,2233,No,No,No,No,No,No,No
1544_28,NotThr,Perennial,Geophyte,IRIDACEAE,Grassland,NT,3823,No,Yes,No,No,No,No,No
1544_36,NotThr,Perennial,Geophyte,IRIDACEAE,Grassland,LC,17630,No,No,No,No,No,No,No
15454_2,NotThr,Perennial,Graminoid,CYPERACEAE,Grassland,LC,83786,Yes,No,No,No,No,No,No
1546_8,NotThr,Perennial,Geophyte,IRIDACEAE,Fynbos,Rare,33,No,No,No,No,No,No,No
15460_2,Thr,Perennial,Herb,ASTERACEAE,Fynbos,CRPE,200,No,No,No,No,No,No,No
15464_2,NotThr,Perennial,Succulent,ASPHODELACEAE,Generalist,LC,330021,Yes,Yes,No,No,No,No,No
15464_35,NotThr,Perennial,Succulent,ASPHODELACEAE,Albany Thicket,NT,3099,Yes,No,No,No,No,No,No
15464_7,Thr,Perennial,Succulent,ASPHODELACEAE,Succulent Karoo,EN,305,Yes,No,No,No,Yes,No,No
15467_11,NotThr,Perennial,Herb,ASTERACEAE,Succulent Karoo,LC,34906,Yes,Yes,No,No,No,No,No
1547_1,Thr,Perennial,Geophyte,IRIDACEAE,Succulent Karoo,EN,35,No,No,No,No,No,No,No
1547_207,Thr,Perennial,Geophyte,IRIDACEAE,Fynbos,CRPE,100,No,Yes,No,No,No,No,No
1547_211,NotThr,Perennial,Geophyte,IRIDACEAE,Generalist,NT,7964,Yes,No,No,No,No,No,No
1547_4008,Thr,Perennial,Geophyte,IRIDACEAE,Fynbos,VU,76,No,Yes,Yes,No,No,No,No
1547_6,NotThr,Perennial,Geophyte,IRIDACEAE,Fynbos,NT,30013,No,Yes,Yes,No,No,No,No
15470_19,NotThr,Perennial,Tree,FABACEAE,Savanna,LC,722314,No,No,No,No,No,No,No
15470_21,NotThr,Perennial,Tree,FABACEAE,Generalist,LC,376093,No,No,No,No,No,No,No
15470_27,NotThr,Perennial,Tree,FABACEAE,Savanna,LC,444244,No,No,No,No,No,No,No
15470_5,NotThr,Perennial,Tree,FABACEAE,Generalist,LC,1363498,No,No,No,No,Yes,Yes,No
15475_2,NotThr,Perennial,Climber,CUCURBITACEAE,Generalist,LC,30643,No,No,Yes,No,No,No,No
1549_10,NotThr,Perennial,Geophyte,IRIDACEAE,Grassland,LC,30147,No,No,No,No,No,No,No
1549_110,NotThr,Perennial,Geophyte,IRIDACEAE,Generalist,LC,880,No,No,No,No,No,No,No
1549_122,NotThr,Perennial,Geophyte,IRIDACEAE,Generalist,LC,75578,No,No,No,No,No,No,No
1549_132,NotThr,Perennial,Geophyte,IRIDACEAE,Grassland,LC,14832,Yes,Yes,Yes,No,No,No,No
1549_174,NotThr,Perennial,Geophyte,IRIDACEAE,Generalist,LC,11738,No,No,No,No,No,No,No
1549_38,NotThr,Perennial,Geophyte,IRIDACEAE,Generalist,LC,23389,No,No,No,No,No,No,No
1549_40,NotThr,Perennial,Geophyte,IRIDACEAE,Fynbos,Critically Rare,50,No,No,No,No,No,No,No
1549_458,NotThr,Perennial,Geophyte,IRIDACEAE,Generalist,NT,1607,No,No,Yes,No,No,No,No
1549_81,NotThr,Perennial,Geophyte,IRIDACEAE,Fynbos,LC,31909,No,No,Yes,No,No,No,No
155_1,NotThr,Perennial,Succulent,AIZOACEAE,Albany Thicket,LC,4906,No,No,No,No,No,No,No
1551_11,NotThr,Perennial,Geophyte,IRIDACEAE,Fynbos,LC,6809,Yes,No,Yes,No,No,No,No
1551_7,NotThr,Perennial,Geophyte,IRIDACEAE,Generalist,LC,3011,No,Yes,Yes,No,No,No,No
1554_137,Thr,Perennial,Geophyte,IRIDACEAE,Fynbos,VU,50,No,No,Yes,No,No,No,No
1554_37,NotThr,Perennial,Geophyte,IRIDACEAE,Generalist,LC,15275,Yes,No,No,No,No,No,No
1554_4007,NotThr,Perennial,Geophyte,IRIDACEAE,Fynbos,LC,35443,Yes,Yes,Yes,Yes,No,Yes,No
1554_4009,NotThr,Perennial,Geophyte,IRIDACEAE,Generalist,LC,106442,No,No,Yes,No,No,No,No
1554_75,Thr,Perennial,Geophyte,IRIDACEAE,Succulent Karoo,CRPE,10,No,No,No,No,No,No,No
1556_106,NotThr,Perennial,Geophyte,IRIDACEAE,Generalist,LC,491396,Yes,No,Yes,No,No,No,No
1556_180,Thr,Perennial,Geophyte,IRIDACEAE,Fynbos,CRPE,25,Yes,Yes,Yes,No,No,No,No
1556_186,NotThr,Perennial,Geophyte,IRIDACEAE,Generalist,LC,612146,Yes,No,Yes,No,No,No,No
1556_195,NotThr,Perennial,Geophyte,IRIDACEAE,Succulent Karoo,LC,13581,No,No,No,No,No,No,No
1556_21,NotThr,Perennial,Geophyte,IRIDACEAE,Succulent Karoo,LC,1015,No,No,No,No,No,No,No
1556_340,Thr,Perennial,Geophyte,IRIDACEAE,Fynbos,VU,56,No,Yes,No,No,No,No,No
1556_39,NotThr,Perennial,Geophyte,IRIDACEAE,Fynbos,NT,11914,Yes,Yes,Yes,No,No,No,No
1556_4,NotThr,Perennial,Geophyte,IRIDACEAE,Grassland,LC,24366,Yes,No,No,No,No,No,No
1556_59,Thr,Perennial,Geophyte,IRIDACEAE,Succulent Karoo,VU,453,No,No,No,No,No,No,No
1556_69,NotThr,Perennial,Geophyte,IRIDACEAE,Fynbos,LC,4625,No,No,Yes,Yes,No,No,No
1557_14,Thr,Perennial,Geophyte,IRIDACEAE,Fynbos,EN,1078,No,No,Yes,No,No,No,No
1557_85,NotThr,Perennial,Geophyte,IRIDACEAE,Fynbos,LC,7451,No,No,No,No,No,No,No
1557_86,NotThr,Perennial,Geophyte,IRIDACEAE,Fynbos,LC,716,No,No,No,No,No,No,No
1557_92,NotThr,Perennial,Geophyte,IRIDACEAE,Grassland,LC,811,No,No,No,No,No,No,No
157_3,NotThr,Perennial,Succulent,AIZOACEAE,Succulent Karoo,NT,4028,No,No,No,No,No,No,No
1570_17,NotThr,Perennial,Geophyte,IRIDACEAE,Generalist,LC,2926,No,No,No,No,No,No,No
1570_38,NotThr,Perennial,Geophyte,IRIDACEAE,Generalist,LC,9563,No,Yes,No,No,No,No,No
1576_20,NotThr,Perennial,Geophyte,IRIDACEAE,Generalist,LC,3611,Yes,No,No,No,No,No,No
1576_26,NotThr,Perennial,Geophyte,IRIDACEAE,Fynbos,NT,3547,Yes,Yes,Yes,No,No,Yes,No
1576_35,NotThr,Perennial,Geophyte,IRIDACEAE,Generalist,LC,173549,No,No,No,No,No,No,No
1580_27,NotThr,Perennial,Tree,RHIZOPHORACEAE,Generalist,LC,243521,No,Yes,Yes,No,Yes,No,No
1602_15,Thr,Perennial,Geophyte,HYPOXIDACEAE,Generalist,EN,13,No,No,No,No,No,No,No
1603_4004,NotThr,Perennial,Geophyte,HYPOXIDACEAE,Generalist,LC,483767,Yes,Yes,Yes,No,Yes,Yes,No
1603_55,NotThr,Perennial,Geophyte,HYPOXIDACEAE,Generalist,LC,61719,No,No,No,No,No,No,No
1604_8,NotThr,Perennial,Geophyte,HYPOXIDACEAE,Grassland,LC,21210,No,No,No,No,No,No,No
161_2,NotThr,Perennial,Succulent,AIZOACEAE,Succulent Karoo,LC,12877,No,No,No,No,No,No,No
1617_9,NotThr,Perennial,Herb,CONVOLVULACEAE,Savanna,LC,191980,No,No,No,No,No,No,No
1622_25,NotThr,Perennial,Herb,CONVOLVULACEAE,Generalist,LC,248199,Yes,No,Yes,No,No,No,No
1625_102,NotThr,Perennial,Herb,CONVOLVULACEAE,Generalist,LC,177635,No,Yes,No,No,No,No,No
163_10,Thr,Perennial,Succulent,AIZOACEAE,Succulent Karoo,CRPE,97,No,No,No,No,No,No,No
163_128,Thr,Perennial,Succulent,AIZOACEAE,Generalist,EN,970,No,No,No,No,No,No,No
1633_3,NotThr,Perennial,Climber,CONVOLVULACEAE,Generalist,LC,177288,Yes,Yes,Yes,No,Yes,No,No
165_38,Thr,Perennial,Succulent,AIZOACEAE,Albany Thicket,CRPE,100,No,Yes,No,No,No,No,No
1663_2,NotThr,Perennial,Shrub,LAMIACEAE,Generalist,Critically Rare,50,No,No,No,No,No,No,No
1663_3,NotThr,Perennial,Succulent,LAMIACEAE,Grassland,LC,19491,No,No,No,No,No,No,No
1664_3,NotThr,Perennial,Herb,LAMIACEAE,Savanna,LC,57312,No,No,No,No,No,No,No
1671_1,NotThr,Perennial,Herb,LAMIACEAE,Forest,LC,53775,Yes,No,Yes,No,No,No,No
1671_107,Thr,Perennial,Shrub,LAMIACEAE,Savanna,VU,48,No,No,No,No,No,No,No
1671_47,NotThr,Perennial,Herb,LAMIACEAE,Generalist,LC,400329,Yes,No,Yes,No,No,No,No
1671_66,NotThr,Perennial,Herb,LAMIACEAE,Forest,LC,95297,Yes,No,Yes,No,No,No,No
1674_3,NotThr,Perennial,Herb,LAMIACEAE,Generalist,LC,120243,Yes,No,No,No,No,No,No
1674_43,NotThr,Perennial,Herb,LAMIACEAE,Savanna,LC,618,No,No,No,No,No,No,No
168_4,NotThr,Perennial,Succulent,AIZOACEAE,Succulent Karoo,LC,22229,No,No,No,No,No,No,No
1685_52,NotThr,Perennial,Herb,LAMIACEAE,Generalist,LC,760699,Yes,No,No,No,No,No,No
170_119,Thr,Perennial,Succulent,AIZOACEAE,Generalist,EN,2123,Yes,Yes,No,No,No,No,No
170_40,NotThr,Perennial,Succulent,AIZOACEAE,Fynbos,LC,113112,Yes,Yes,Yes,No,No,No,No
170_78,NotThr,Perennial,Succulent,AIZOACEAE,Succulent Karoo,NT,1729,No,No,No,No,No,No,No
170_92,NotThr,Perennial,Succulent,AIZOACEAE,Generalist,LC,22686,No,No,No,No,No,No,No
1704_10,NotThr,Perennial,Shrub,LAMIACEAE,Generalist,NT,3325,Yes,No,Yes,No,No,No,No
1708_1,NotThr,Annual,Herb,LAMIACEAE,Generalist,LC,164921,Yes,No,Yes,No,No,No,No
1709_1,NotThr,Perennial,Herb,LAMIACEAE,Grassland,LC,245828,No,No,No,No,No,No,No
1717_4007,NotThr,Perennial,Geophyte,LOBELIACEAE,Generalist,LC,381290,Yes,Yes,Yes,No,Yes,No,No
1717_52,NotThr,Perennial,Climber,LOBELIACEAE,Generalist,LC,117373,Yes,No,No,No,No,No,No
172_7,Thr,Perennial,Succulent,AIZOACEAE,Succulent Karoo,VU,252,No,No,No,No,No,No,No
1720_34,NotThr,Perennial,Herb,LOBELIACEAE,Fynbos,Rare,260,No,No,No,No,No,No,No
1720_4008,NotThr,Perennial,Herb,LOBELIACEAE,Fynbos,LC,18289,Yes,Yes,Yes,Yes,No,Yes,No
1720_8,Thr,Perennial,Herb,LOBELIACEAE,Fynbos,VU,299,Yes,No,Yes,No,No,No,No
1720_9,Thr,Perennial,Shrub,LOBELIACEAE,Fynbos,CRPE,20,No,Yes,Yes,No,No,No,No
1726_4001,NotThr,Annual,Herb,LOBELIACEAE,Generalist,LC,69912,Yes,No,Yes,Yes,No,No,No
1747_19,NotThr,Annual,Herb,AMARANTHACEAE,Generalist,LC,306426,No,No,Yes,No,No,No,No
1752_3,NotThr,Perennial,Herb,AMARANTHACEAE,Generalist,LC,18944,No,Yes,No,No,No,No,No
1752_4001,NotThr,Perennial,Herb,AMARANTHACEAE,Generalist,LC,781257,No,No,No,No,No,No,No
176_9,NotThr,Perennial,Succulent,AIZOACEAE,Fynbos,LC,4949,No,No,No,No,No,No,No
1761_2,NotThr,Annual,Herb,AMARANTHACEAE,Savanna,LC,288865,No,No,No,No,No,No,No
177_27,NotThr,Perennial,Succulent,AIZOACEAE,Generalist,LC,17798,No,No,No,No,No,No,No
1776_23,NotThr,Perennial,Carnivorous,DROSERACEAE,Fynbos,LC,5249,Yes,Yes,Yes,No,Yes,No,No
1776_28,NotThr,Perennial,Carnivorous,DROSERACEAE,Fynbos,LC,18286,Yes,Yes,Yes,No,Yes,Yes,No
1777_21,NotThr,Perennial,Geophyte,DIOSCOREACEAE,Generalist,LC,317806,No,No,No,No,No,No,No
1794_1,NotThr,Perennial,Geophyte,OXALIDACEAE,Generalist,LC,6532,Yes,No,No,No,No,No,No
1794_122,Thr,Perennial,Geophyte,OXALIDACEAE,Fynbos,CRPE,500,No,Yes,No,No,No,No,No
1794_163,Thr,Perennial,Geophyte,OXALIDACEAE,Fynbos,CRPE,17,No,Yes,No,No,No,No,No
1794_224,NotThr,Perennial,Geophyte,OXALIDACEAE,Generalist,LC,522473,Yes,Yes,Yes,No,No,No,No
1794_246,Thr,Perennial,Geophyte,OXALIDACEAE,Fynbos,CRPE,100,No,Yes,No,No,No,No,No
1794_267,Thr,Perennial,Geophyte,OXALIDACEAE,Fynbos,CRPE,1000,No,Yes,No,No,No,No,No
1794_311,NotThr,Perennial,Geophyte,OXALIDACEAE,Generalist,LC,24570,No,No,No,No,No,No,No
1794_54,NotThr,Perennial,Geophyte,OXALIDACEAE,Succulent Karoo,Rare,706,No,No,No,No,No,No,No
1794_583,Thr,Perennial,Geophyte,OXALIDACEAE,Fynbos,CRPE,1,No,Yes,No,Yes,No,No,No
1794_585,NotThr,Perennial,Geophyte,OXALIDACEAE,Fynbos,LC,2654,No,No,No,No,No,No,No
1794_590,NotThr,Perennial,Geophyte,OXALIDACEAE,Fynbos,Critically Rare,50,No,No,No,No,No,No,No
1794_97,Thr,Perennial,Geophyte,OXALIDACEAE,Fynbos,EN,5076,Yes,Yes,Yes,No,No,No,No
180_69,NotThr,Perennial,Succulent,AIZOACEAE,Generalist,LC,12425,No,No,No,No,No,No,No
180_94,EX,Perennial,Succulent,AIZOACEAE,Fynbos,EX,60,No,Yes,No,No,No,No,No
181_15,NotThr,Perennial,Succulent,AIZOACEAE,Generalist,LC,26695,No,No,No,No,No,No,No
1820_101,Thr,Perennial,Shrub,ERICACEAE,Fynbos,VU,933,Yes,Yes,Yes,No,No,No,No
1820_103,Thr,Perennial,Shrub,ERICACEAE,Fynbos,EN,1625,Yes,Yes,Yes,No,No,No,No
1820_1191,Thr,Perennial,Shrub,ERICACEAE,Fynbos,VU,464,No,No,Yes,No,No,No,No
1820_1228,Thr,Perennial,Shrub,ERICACEAE,Fynbos,VU,1565,Yes,Yes,No,No,No,No,No
1820_1235,Thr,Perennial,Shrub,ERICACEAE,Fynbos,VU,1243,Yes,No,Yes,No,No,No,No
1820_1251,Thr,Perennial,Shrub,ERICACEAE,Fynbos,VU,240,No,No,No,No,No,No,No
1820_1277,NotThr,Perennial,Shrub,ERICACEAE,Fynbos,Rare,10,No,No,No,No,No,No,No
1820_1293,NotThr,Perennial,Shrub,ERICACEAE,Fynbos,LC,16801,Yes,Yes,Yes,No,No,No,No
1820_1299,EX,Perennial,Shrub,ERICACEAE,Fynbos,EX,20,No,Yes,No,No,No,No,No
1820_1340,Thr,Perennial,Shrub,ERICACEAE,Fynbos,CRPE,10,No,Yes,No,No,No,No,No
1820_1430,EX,Perennial,Shrub,ERICACEAE,Fynbos,EX,25,Yes,Yes,No,No,No,No,No
1820_166,NotThr,Perennial,Shrub,ERICACEAE,Fynbos,Critically Rare,2,No,No,No,No,No,No,No
1820_270,NotThr,Perennial,Shrub,ERICACEAE,Fynbos,Rare,89,Yes,No,No,No,No,No,No
1820_323,NotThr,Perennial,Shrub,ERICACEAE,Fynbos,LC,9257,No,No,No,No,No,No,No
1820_381,NotThr,Perennial,Shrub,ERICACEAE,Grassland,LC,10401,No,No,No,No,No,No,No
1820_4010,NotThr,Perennial,Shrub,ERICACEAE,Fynbos,LC,3652,No,No,No,No,No,No,No
1820_4028,NotThr,Perennial,Shrub,ERICACEAE,Generalist,LC,885871,Yes,Yes,Yes,Yes,Yes,Yes,No
1820_4074,NotThr,Perennial,Shrub,ERICACEAE,Fynbos,LC,2597,No,No,No,No,No,No,No
1820_4096,NotThr,Perennial,Shrub,ERICACEAE,Fynbos,LC,17919,No,No,Yes,No,No,No,No
1820_444,NotThr,Perennial,Shrub,ERICACEAE,Fynbos,Rare,63,No,No,No,No,No,No,No
1820_481,Thr,Perennial,Shrub,ERICACEAE,Fynbos,CRPE,500,Yes,No,Yes,No,No,No,No
1820_524,Thr,Perennial,Shrub,ERICACEAE,Fynbos,VU,5,No,No,No,No,No,No,No
1820_559,NotThr,Perennial,Shrub,ERICACEAE,Fynbos,LC,4354,No,No,No,No,No,No,No
1820_602,Thr,Perennial,Shrub,ERICACEAE,Grassland,CRPE,100,Yes,No,No,No,No,No,No
1820_637,NotThr,Perennial,Shrub,ERICACEAE,Fynbos,LC,8544,Yes,No,No,No,No,No,No
1820_655,NotThr,Perennial,Shrub,ERICACEAE,Fynbos,LC,58149,No,No,No,No,No,No,No
1820_726,Thr,Perennial,Shrub,ERICACEAE,Fynbos,VU,1028,No,No,Yes,No,No,No,No
1820_748,EX,Perennial,Shrub,ERICACEAE,Fynbos,EX,50,No,Yes,No,No,No,No,No
1820_751,NotThr,Perennial,Shrub,ERICACEAE,Fynbos,Rare,184,No,No,No,No,No,No,No
1820_791,NotThr,Perennial,Shrub,ERICACEAE,Fynbos,LC,6778,No,No,Yes,No,No,No,No
1820_857,NotThr,Perennial,Shrub,ERICACEAE,Fynbos,LC,1415,No,No,No,No,No,No,No
1820_88,NotThr,Perennial,Shrub,ERICACEAE,Fynbos,LC,10570,No,No,Yes,No,No,No,No
1820_887,Thr,Perennial,Shrub,ERICACEAE,Fynbos,EN,43,No,No,No,No,No,No,No
1820_900,EX,Perennial,Shrub,ERICACEAE,Fynbos,EW,10,No,Yes,Yes,No,No,No,No
1820_929,EX,Perennial,Shrub,ERICACEAE,Fynbos,EW,10,Yes,Yes,Yes,No,Yes,No,No
1820_96,EX,Perennial,Shrub,ERICACEAE,Fynbos,EW,10,Yes,Yes,Yes,No,No,No,No
1820_962,Thr,Perennial,Shrub,ERICACEAE,Fynbos,EN,50,Yes,No,Yes,No,No,No,No
183_9,NotThr,Perennial,Succulent,AIZOACEAE,Generalist,LC,28315,No,No,No,No,No,No,No
1848_15,NotThr,Perennial,Shrub,MALVACEAE,Savanna,Critically Rare,50,No,No,No,No,No,No,No
1852_1,NotThr,Perennial,Herb,MALVACEAE,Generalist,LC,124143,No,No,No,No,No,No,No
1852_119,NotThr,Perennial,Shrub,MALVACEAE,Generalist,LC,334455,No,No,No,No,No,No,No
1852_127,Thr,Perennial,Shrub,MALVACEAE,Generalist,VU,12941,No,Yes,Yes,No,No,No,No
1852_4004,NotThr,Perennial,Shrub,MALVACEAE,Generalist,LC,192934,Yes,Yes,Yes,No,No,No,No
1852_56,NotThr,Perennial,Shrub,MALVACEAE,Savanna,LC,300436,No,No,No,No,No,No,No
1852_6,NotThr,Perennial,Herb,MALVACEAE,Generalist,LC,212253,Yes,Yes,Yes,No,Yes,Yes,No
1852_73,NotThr,Perennial,Herb,MALVACEAE,Savanna,LC,279840,No,No,No,No,No,No,No
1852_92,NotThr,Perennial,Herb,MALVACEAE,Grassland,LC,32653,No,Yes,No,No,No,No,No
1855_10,Thr,Perennial,Geophyte,RUSCACEAE,Succulent Karoo,VU,50,No,No,No,No,No,No,No
1855_119,NotThr,Perennial,Geophyte,RUSCACEAE,Fynbos,NT,5607,No,Yes,No,No,No,No,No
1855_205,Thr,Perennial,Geophyte,RUSCACEAE,Succulent Karoo,EN,50,No,No,No,No,No,No,No
1875_36,NotThr,Perennial,Shrub,CELASTRACEAE,Fynbos,LC,27222,No,Yes,Yes,No,No,No,No
1876_1,NotThr,Perennial,Tree,CELASTRACEAE,Generalist,LC,290047,Yes,No,Yes,No,No,No,No
1876_8,NotThr,Perennial,Tree,CELASTRACEAE,Generalist,LC,298720,Yes,Yes,Yes,No,Yes,Yes,No
1883_17,NotThr,Perennial,Tree,CELASTRACEAE,Forest,LC,397739,Yes,Yes,Yes,No,No,No,No
1883_40,NotThr,Perennial,Shrub,CELASTRACEAE,Succulent Karoo,LC,1834,Yes,No,Yes,No,No,No,No
1886_1,NotThr,Perennial,Tree,CELASTRACEAE,Generalist,LC,411195,Yes,No,Yes,No,No,No,No
1891_11,NotThr,Annual,Herb,GENTIANACEAE,Generalist,LC,333372,Yes,No,No,No,No,No,No
1891_21,NotThr,Annual,Herb,GENTIANACEAE,Grassland,LC,136394,No,No,No,No,No,No,No
1898_64,Thr,Annual,Herb,GENTIANACEAE,Fynbos,VU,11613,No,Yes,Yes,No,No,No,No
1905_5,NotThr,Perennial,Tree,MORACEAE,Forest,NT*,982,No,No,No,No,No,No,No
193_1,NotThr,Perennial,Succulent,AIZOACEAE,Succulent Karoo,LC,6524,No,No,No,No,No,No,No
1931_29,NotThr,Perennial,Shrub,CUCURBITACEAE,Generalist,LC,17605,No,No,No,No,No,No,No
1943_13,NotThr,Perennial,Climber,CUCURBITACEAE,Forest,LC,297583,No,No,Yes,No,No,No,No
196_4,NotThr,Perennial,Succulent,AIZOACEAE,Succulent Karoo,NT,2662,No,Yes,No,No,No,No,No
196_6,Thr,Perennial,Succulent,AIZOACEAE,Fynbos,CRPE,100,No,Yes,No,No,No,No,No
1973_1,NotThr,Perennial,Shrub,SCROPHULARIACEAE,Generalist,LC,22099,No,No,No,No,No,No,No
1976_110,NotThr,Perennial,Shrub,GERANIACEAE,Generalist,LC,393088,No,No,No,No,No,No,No
1976_113,NotThr,Perennial,Shrub,GERANIACEAE,Generalist,LC,52114,Yes,Yes,No,No,Yes,No,No
1976_162,NotThr,Perennial,Shrub,GERANIACEAE,Fynbos,LC,22727,Yes,No,No,No,No,No,No
1976_178,NotThr,Perennial,Shrub,GERANIACEAE,Fynbos,LC,14934,No,No,No,No,No,No,No
1976_21,NotThr,Perennial,Shrub,GERANIACEAE,Succulent Karoo,LC,4347,Yes,No,No,No,No,No,No
1976_225,Thr,Perennial,Geophyte,GERANIACEAE,Succulent Karoo,EN,11,Yes,Yes,No,No,No,No,No
1976_236,Thr,Perennial,Shrub,GERANIACEAE,Fynbos,VU,1552,No,No,Yes,No,No,No,No
1976_254,Thr,Perennial,Geophyte,GERANIACEAE,Fynbos,VU,209,No,No,No,No,No,No,No
1976_3,NotThr,Perennial,Shrub,GERANIACEAE,Albany Thicket,LC,20327,No,No,No,No,No,No,No
1976_364,Thr,Perennial,Geophyte,GERANIACEAE,Succulent Karoo,CR,10,Yes,No,No,No,No,No,No
1976_398,NotThr,Perennial,Geophyte,GERANIACEAE,Fynbos,LC,18797,Yes,Yes,Yes,No,Yes,No,No
1976_4009,NotThr,Perennial,Shrub,GERANIACEAE,Fynbos,LC,23072,No,No,No,No,No,No,No
1976_482,NotThr,Perennial,Geophyte,GERANIACEAE,Succulent Karoo,Rare,176,No,No,No,No,No,No,No
1976_84,NotThr,Perennial,Shrub,GERANIACEAE,Generalist,LC,54213,Yes,Yes,Yes,No,Yes,No,No
1978_15,NotThr,Perennial,Herb,GERANIACEAE,Grassland,Rare,1583,No,No,No,No,No,No,No
1978_41,NotThr,Perennial,Herb,GERANIACEAE,Generalist,LC,111012,Yes,No,Yes,No,No,No,No
1979_46,Thr,Perennial,Succulent,GERANIACEAE,Generalist,EN,1036,Yes,No,No,No,Yes,No,No
1979_48,NotThr,Perennial,Succulent,GERANIACEAE,Albany Thicket,LC,4298,No,No,No,No,No,No,No
1983_1,NotThr,Perennial,Herb,MOLLUGINACEAE,Grassland,LC,9128,No,No,No,No,No,No,No
1989_26,Thr,Perennial,Succulent,AIZOACEAE,Generalist,VU,2087,No,Yes,No,No,No,No,No
1989_27,NotThr,Perennial,Succulent,AIZOACEAE,Fynbos,LC,125150,No,No,Yes,No,No,No,No
1998_23,NotThr,Perennial,Succulent,AIZOACEAE,Savanna,LC,110826,No,No,No,No,No,No,No
2009_56,NotThr,Perennial,Shrub,RANUNCULACEAE,Generalist,LC,69198,No,No,No,No,No,No,No
2010_5,NotThr,Perennial,Herb,RANUNCULACEAE,Grassland,NT,35479,Yes,No,No,No,Yes,No,No
2039_222,NotThr,Perennial,Shrub,COMBRETACEAE,Savanna,LC,88447,No,No,No,No,No,No,No
2039_34,NotThr,Perennial,Tree,COMBRETACEAE,Savanna,LC,23487,No,No,No,No,No,No,No
2061_1,Thr,Perennial,Geophyte,ZINGIBERACEAE,Savanna,CR,13837,No,No,No,No,Yes,No,No
2069_4002,NotThr,Perennial,Herb,NYCTAGINACEAE,Savanna,LC,301034,No,No,No,No,No,No,No
2077_17,NotThr,Perennial,Geophyte,AMARYLLIDACEAE,Fynbos,LC,22013,No,No,No,No,No,No,No
2088_26,NotThr,Perennial,Geophyte,AMARYLLIDACEAE,Generalist,NT,4547,Yes,No,No,No,Yes,No,No
2088_30,NotThr,Perennial,Geophyte,AMARYLLIDACEAE,Generalist,Rare,5122,No,No,No,No,No,No,No
2088_38,Thr,Perennial,Geophyte,AMARYLLIDACEAE,Grassland,VU,9161,Yes,No,Yes,No,No,No,No
2116_21,NotThr,Perennial,Herb,APIACEAE,Grassland,Rare,51,No,No,No,No,No,No,No
2116_9,Thr,Perennial,Herb,APIACEAE,Grassland,EN,56,No,Yes,Yes,No,No,No,No
2119_1,NotThr,Annual,Herb,APIACEAE,Fynbos,NT,8109,No,Yes,No,No,No,No,No
2137_2,NotThr,Perennial,Herb,APIACEAE,Fynbos,LC,186986,Yes,Yes,Yes,Yes,No,Yes,No
2138_6,NotThr,Perennial,Shrub,APIACEAE,Fynbos,LC,6411,No,No,No,No,No,No,No
2140_4003,NotThr,Perennial,Herb,APIACEAE,Generalist,LC,106391,Yes,Yes,Yes,No,No,Yes,No
2140_75,Thr,Perennial,Herb,APIACEAE,Fynbos,VU,436,No,No,No,No,No,No,No
2164_2,NotThr,Perennial,Herb,APIACEAE,Grassland,Critically Rare,1,No,No,No,No,No,No,No
2167_3,NotThr,Perennial,Shrub,BORAGINACEAE,Generalist,LC,132331,No,No,No,No,No,No,No
2176_38,NotThr,Perennial,Lithophyte,HYMENOPHYLLACEAE,Forest,LC,13588,No,No,No,No,No,No,No
2198_3,NotThr,Perennial,Herb,ONAGRACEAE,Generalist,LC,856235,Yes,No,Yes,No,No,No,No
2203_25,Thr,Perennial,Geophyte,ASPHODELACEAE,Fynbos,VU,35148,Yes,Yes,Yes,No,Yes,Yes,No
2203_4,Thr,Perennial,Shrub,ASPHODELACEAE,Generalist,EN,404,Yes,No,No,No,Yes,No,No
2203_57,NotThr,Perennial,Geophyte,ASPHODELACEAE,Generalist,LC,7447,No,No,No,No,No,No,No
2206_154,NotThr,Perennial,Succulent,ASPHODELACEAE,Generalist,LC,451038,No,No,No,No,No,No,No
2206_167,NotThr,Perennial,Succulent,ASPHODELACEAE,Succulent Karoo,Rare,413,No,No,No,No,No,No,No
2206_4069,NotThr,Perennial,Succulent,ASPHODELACEAE,Generalist,LC,30598,No,No,No,No,No,No,No
2206_99,NotThr,Perennial,Succulent,ASPHODELACEAE,Generalist,LC,137766,No,No,No,No,No,No,No
2207_15,Thr,Perennial,Herb,ASPHODELACEAE,Grassland,CRPE,50,Yes,Yes,Yes,No,No,No,No
2207_18,Thr,Perennial,Herb,ASPHODELACEAE,Grassland,EN,205,Yes,Yes,Yes,No,No,No,No
2212_48,NotThr,Perennial,Geophyte,ASPHODELACEAE,Generalist,LC,18552,No,No,Yes,No,No,No,No
2212_5,NotThr,Perennial,Geophyte,ASPHODELACEAE,IOCB,LC,68860,Yes,Yes,Yes,No,Yes,Yes,No
2212_65,NotThr,Perennial,Geophyte,ASPHODELACEAE,Fynbos,LC,51934,Yes,Yes,Yes,No,No,No,No
2214_153,NotThr,Perennial,Succulent,ASPHODELACEAE,Forest,Rare,165,No,No,No,No,No,No,No
2215_176,NotThr,Perennial,Succulent,ASPHODELACEAE,Generalist,Rare,306,No,No,No,No,No,No,No
2215_4012,Thr,Perennial,Succulent,ASPHODELACEAE,Fynbos,VU,2629,No,Yes,Yes,No,Yes,No,No
2215_4028,NotThr,Perennial,Succulent,ASPHODELACEAE,Generalist,LC,28596,No,No,No,No,Yes,No,No
2215_86,Thr,Perennial,Succulent,ASPHODELACEAE,Generalist,VU,632,Yes,No,No,No,Yes,No,No
2228_4003,NotThr,Perennial,Shrub,POLYGONACEAE,Generalist,LC,390898,No,Yes,No,No,No,No,No
227_3,NotThr,Annual,Climber,FABACEAE,Generalist,LC,498652,No,No,No,No,No,No,No
237_3,NotThr,Perennial,Tree,FABACEAE,Savanna,LC,244680,No,No,No,No,No,No,No
242_1,NotThr,Perennial,Tree,FABACEAE,Generalist,LC,84,No,No,No,No,No,No,No
2473_28,NotThr,Annual,Cyperoid,CYPERACEAE,Generalist,LC,240160,No,No,No,No,No,No,No
2474_31,NotThr,Perennial,Cyperoid,CYPERACEAE,Fynbos,LC,57124,No,No,No,No,No,No,No
2474_34,Thr,Perennial,Cyperoid,CYPERACEAE,Fynbos,CRPE,37,Yes,Yes,Yes,No,No,No,No
2474_4001,NotThr,Perennial,Cyperoid,CYPERACEAE,Generalist,LC,818823,Yes,No,No,No,No,No,No
2478_10,NotThr,Annual,Cyperoid,CYPERACEAE,Generalist,LC,58516,No,No,No,No,No,No,No
2478_25,NotThr,Annual,Cyperoid,CYPERACEAE,Generalist,LC,23597,No,No,No,No,No,No,No
2478_60,EX,Annual,Cyperoid,CYPERACEAE,Fynbos,EX,35,No,Yes,No,No,No,No,No
2489_37,NotThr,Perennial,Cyperoid,CYPERACEAE,Generalist,LC,230042,No,No,No,No,No,No,No
2493_109,NotThr,Annual,Cyperoid,CYPERACEAE,Generalist,LC,207955,No,No,No,No,No,No,No
2493_4014,NotThr,Perennial,Graminoid,CYPERACEAE,Generalist,LC,280182,No,No,No,No,No,No,No
2499_1,NotThr,Perennial,Cyperoid,CYPERACEAE,Forest,NT,1423,No,No,Yes,No,No,No,No
2505_24,NotThr,Perennial,Cyperoid,CYPERACEAE,Generalist,LC,64947,Yes,No,No,No,No,No,No
2505_71,NotThr,Perennial,Cyperoid,CYPERACEAE,Fynbos,LC,6686,Yes,No,Yes,No,No,Yes,No
2522_1,NotThr,Perennial,Cyperoid,CYPERACEAE,Generalist,LC,597036,Yes,No,No,No,No,No,No
2531_2,NotThr,Perennial,Lithophyte,DRYOPTERIDACEAE,Forest,LC,234299,No,No,Yes,No,No,No,No
2531_6,NotThr,Perennial,Lithophyte,DRYOPTERIDACEAE,Forest,LC,130748,No,No,No,No,No,No,No
2542_12,NotThr,Perennial,Graminoid,RESTIONACEAE,Fynbos,LC,79534,No,Yes,Yes,No,No,No,No
2542_43,NotThr,Perennial,Graminoid,RESTIONACEAE,Fynbos,LC,22558,No,Yes,No,No,Yes,No,No
2546_18,Thr,Perennial,Graminoid,RESTIONACEAE,Fynbos,EN,3962,Yes,Yes,Yes,No,No,No,No
2546_23,NotThr,Perennial,Graminoid,RESTIONACEAE,Fynbos,LC,44244,No,No,No,No,No,No,No
2546_6,NotThr,Perennial,Graminoid,RESTIONACEAE,Fynbos,LC,16344,No,No,No,No,No,No,No
2550_3,NotThr,Perennial,Graminoid,RESTIONACEAE,Generalist,LC,50385,Yes,No,Yes,No,No,No,No
2551_36,NotThr,Perennial,Graminoid,RESTIONACEAE,Fynbos,LC,46419,No,No,No,No,No,No,No
2553_3,NotThr,Perennial,Graminoid,RESTIONACEAE,Fynbos,LC,43534,No,No,Yes,No,No,No,No
2558_112,NotThr,Perennial,Graminoid,RESTIONACEAE,Fynbos,LC,4439,No,No,No,No,No,No,No
2558_14,NotThr,Perennial,Graminoid,RESTIONACEAE,Fynbos,LC,38909,Yes,No,No,No,No,No,No
2558_18,NotThr,Perennial,Graminoid,RESTIONACEAE,Fynbos,LC,4659,No,Yes,Yes,No,No,Yes,No
2558_281,NotThr,Perennial,Graminoid,RESTIONACEAE,Fynbos,LC,12348,No,No,No,No,Yes,No,No
2558_300,NotThr,Perennial,Graminoid,RESTIONACEAE,Generalist,LC,8850,No,No,No,No,No,No,No
2558_57,NotThr,Perennial,Graminoid,RESTIONACEAE,Generalist,LC,122784,No,Yes,Yes,No,No,No,No
2558_67,NotThr,Perennial,Graminoid,RESTIONACEAE,Fynbos,LC,1465,No,No,No,No,No,No,No
2559_1,EX,Perennial,Graminoid,RESTIONACEAE,Fynbos,EX,2,Yes,Yes,Yes,No,No,No,No
2561_2,NotThr,Perennial,Graminoid,RESTIONACEAE,Fynbos,NT,3656,No,No,Yes,No,No,No,No
2573_1,NotThr,Perennial,Herb,HYPERICACEAE,Generalist,LC,126575,Yes,Yes,Yes,No,Yes,No,No
2579_6,Thr,Perennial,Shrub,MALVACEAE,Generalist,VU,11335,No,Yes,No,No,No,No,No
2585_103,NotThr,Perennial,Herb,MALVACEAE,Forest,LC,185182,No,No,No,No,No,No,No
2595_4001,NotThr,Perennial,Shrub,MALVACEAE,Generalist,LC,288933,No,No,No,No,No,No,No
2604_1,NotThr,Perennial,Tree,MALVACEAE,Forest,LC,14883,No,No,No,No,No,No,No
2617_1,NotThr,Perennial,Climber,MENISPERMACEAE,Forest,LC,11804,No,No,No,No,No,No,No
2625_6,NotThr,Perennial,Shrub,MENISPERMACEAE,Succulent Karoo,LC,61657,No,No,No,No,No,No,No
263_11,NotThr,Perennial,Shrub,FABACEAE,Grassland,LC,223357,Yes,No,Yes,No,No,No,No
2638_11,NotThr,Perennial,Succulent,APOCYNACEAE,Succulent Karoo,LC,9477,No,No,No,No,No,No,No
2640_11,Thr,Perennial,Geophyte,APOCYNACEAE,Savanna,CRPE,50,Yes,Yes,No,No,No,No,No
2640_132,Thr,Perennial,Geophyte,APOCYNACEAE,Grassland,VU,50,No,No,No,No,No,No,No
2640_151,NotThr,Perennial,Geophyte,APOCYNACEAE,Savanna,LC,30912,No,Yes,No,No,No,No,No
2640_19,Thr,Perennial,Herb,APOCYNACEAE,Savanna,VU,109,Yes,Yes,Yes,No,Yes,Yes,No
2640_20,NotThr,Perennial,Geophyte,APOCYNACEAE,Generalist,LC,397128,No,No,No,No,No,No,No
2640_26,Thr,Perennial,Geophyte,APOCYNACEAE,Savanna,CRPE,100,No,Yes,No,No,No,No,No
2640_56,Thr,Perennial,Herb,APOCYNACEAE,Savanna,CR,30,Yes,Yes,Yes,Yes,Yes,No,No
2640_60,NotThr,Perennial,Geophyte,APOCYNACEAE,Generalist,LC,70123,No,No,No,No,No,No,No
2640_80,EX,Perennial,Geophyte,APOCYNACEAE,Albany Thicket,EX,60,No,Yes,No,No,No,No,No
2641_2,NotThr,Perennial,Climber,APOCYNACEAE,Generalist,LC,975745,Yes,Yes,Yes,No,No,No,No
2642_134,NotThr,Perennial,Succulent,APOCYNACEAE,Savanna,Rare,189,No,No,No,No,No,No,No
2642_48,NotThr,Perennial,Succulent,APOCYNACEAE,Generalist,LC,15338,Yes,No,No,No,No,No,No
2648_21,Thr,Perennial,Succulent,APOCYNACEAE,Grassland,CRPE,20,No,No,No,No,No,No,No
2648_3,EX,Perennial,Herb,APOCYNACEAE,Grassland,EX,30,Yes,Yes,Yes,No,No,No,No
2648_6,NotThr,Perennial,Herb,APOCYNACEAE,Generalist,LC,98683,No,No,No,No,No,No,No
2650_27,NotThr,Perennial,Succulent,APOCYNACEAE,Savanna,LC,91468,No,No,No,No,No,No,No
2660_15,Thr,Perennial,Climber,APOCYNACEAE,IOCB,CRPE,100,Yes,No,No,No,No,No,No
2663_7,NotThr,Perennial,Succulent,APOCYNACEAE,Generalist,LC,164117,Yes,No,Yes,No,No,No,No
2667_5,NotThr,Perennial,Succulent,APOCYNACEAE,Nama Karoo,LC,8233,No,No,No,No,No,No,No
2668_14,NotThr,Perennial,Succulent,APOCYNACEAE,Succulent Karoo,LC,4803,No,No,No,No,No,No,No
2669_11,NotThr,Perennial,Succulent,APOCYNACEAE,Succulent Karoo,LC,6987,No,No,No,No,No,No,No
2671_50,Thr,Perennial,Succulent,APOCYNACEAE,Savanna,CRPE,100,Yes,Yes,No,No,No,No,No
2678_104,Thr,Perennial,Herb,APOCYNACEAE,Savanna,CRPE,700,Yes,Yes,No,No,No,No,No
2678_15,EX,Perennial,Herb,APOCYNACEAE,Savanna,EX,30,Yes,No,No,No,No,No,No
2678_3,EX,Perennial,Geophyte,APOCYNACEAE,Grassland,EX,45,No,No,No,No,No,No,Yes
2678_81,NotThr,Perennial,Climber,APOCYNACEAE,Generalist,LC,290089,No,No,No,No,No,No,No
2679_21,Thr,Perennial,Succulent,APOCYNACEAE,Fynbos,VU,21706,Yes,No,Yes,No,No,Yes,No
2679_24,NotThr,Perennial,Succulent,APOCYNACEAE,Generalist,LC,100978,No,No,No,No,No,No,No
2679_6,NotThr,Perennial,Climber,APOCYNACEAE,Generalist,LC,292853,No,No,No,No,No,No,No
2680_102,NotThr,Perennial,Succulent,APOCYNACEAE,Fynbos,LC,3223,No,No,No,No,No,No,No
2680_21,NotThr,Perennial,Succulent,APOCYNACEAE,Savanna,LC,1168,Yes,No,No,No,No,No,No
2681_21,NotThr,Perennial,Herb,APOCYNACEAE,Savanna,LC,94889,No,No,No,No,No,No,No
2681_25,Thr,Perennial,Geophyte,APOCYNACEAE,Grassland,CRPE,100,Yes,Yes,Yes,No,No,No,No
2681_75,Thr,Perennial,Herb,APOCYNACEAE,Generalist,VU,3646,Yes,Yes,Yes,No,No,No,No
269_4003,NotThr,Perennial,Shrub,FABACEAE,Grassland,LC,140850,Yes,No,No,No,No,No,No
269_83,NotThr,Perennial,Shrub,FABACEAE,Generalist,LC,714126,Yes,No,No,No,No,No,No
2690_7,NotThr,Perennial,Herb,APOCYNACEAE,Grassland,LC,60946,No,Yes,No,No,No,No,No
2693_26,Thr,Perennial,Herb,APOCYNACEAE,Savanna,CRPE,100,Yes,No,No,No,No,No,No
2702_2,NotThr,Perennial,Creeper,APOCYNACEAE,Generalist,LC,344096,No,No,No,No,No,No,No
2707_3,Thr,Perennial,Herb,APOCYNACEAE,Savanna,CRPE,250,No,Yes,No,No,No,No,No
2712_2,NotThr,Perennial,Tree,PASSIFLORACEAE,Savanna,NT,6595,Yes,No,No,No,Yes,No,No
2729_7,NotThr,Perennial,Succulent,APOCYNACEAE,Generalist,LC,89005,No,No,No,No,No,No,No
273_52,Thr,Perennial,Shrub,FABACEAE,Fynbos,CRPE,1205,No,Yes,No,No,No,No,No
273_6,Thr,Perennial,Shrub,FABACEAE,Fynbos,CRPE,10,Yes,Yes,No,No,No,No,No
2744_14,NotThr,Perennial,Herb,DIPSACACEAE,Fynbos,LC,3262,No,No,Yes,No,No,No,No
2759_121,NotThr,Perennial,Geophyte,ORCHIDACEAE,Generalist,LC,161157,Yes,Yes,Yes,No,No,No,No
2759_146,Thr,Perennial,Geophyte,ORCHIDACEAE,Fynbos,VU,50,No,No,No,No,No,No,No
2759_201,EX,Perennial,Geophyte,ORCHIDACEAE,Fynbos,EX,40,No,No,No,No,No,No,Yes
2759_240,Thr,Perennial,Geophyte,ORCHIDACEAE,Fynbos,EN,25803,Yes,No,No,No,No,No,No
2759_306,NotThr,Perennial,Geophyte,ORCHIDACEAE,Fynbos,LC,24125,No,No,No,No,No,No,No
2759_52,Thr,Perennial,Geophyte,ORCHIDACEAE,Generalist,VU,9088,No,No,No,No,No,No,No
2759_78,NotThr,Perennial,Geophyte,ORCHIDACEAE,Grassland,LC,62056,Yes,No,No,No,No,No,No
2759_9,NotThr,Perennial,Geophyte,ORCHIDACEAE,Fynbos,LC,49478,No,No,Yes,No,No,No,No
276_12,NotThr,Perennial,Herb,FABACEAE,Grassland,LC,43052,Yes,Yes,No,No,No,No,No
2785_6,NotThr,Perennial,Geophyte,ORCHIDACEAE,Generalist,LC,195691,Yes,Yes,Yes,No,No,No,No
279_47,Thr,Perennial,Shrub,FABACEAE,Fynbos,CRPE,10,Yes,Yes,No,No,No,No,No
282_26,NotThr,Perennial,Shrub,FABACEAE,Generalist,LC,10305,No,No,No,No,No,No,No
282_5,NotThr,Perennial,Shrub,FABACEAE,Generalist,LC,478273,Yes,No,No,No,No,No,No
2822_2,NotThr,Perennial,Epiphyte,ORCHIDACEAE,Forest,LC,623,No,No,No,No,No,No,No
2829_64,NotThr,Perennial,Geophyte,ORCHIDACEAE,Generalist,LC,13837,No,Yes,No,No,No,No,No
283_80,Thr,Perennial,Shrub,FABACEAE,Fynbos,EN,2831,No,Yes,Yes,No,No,No,No
2830_4,NotThr,Perennial,Geophyte,ORCHIDACEAE,Generalist,LC,120703,No,No,No,No,No,No,No
2836_34,Thr,Perennial,Geophyte,ORCHIDACEAE,Fynbos,EN,1676,No,Yes,Yes,No,No,No,No
2836_4003,NotThr,Perennial,Geophyte,ORCHIDACEAE,Generalist,LC,411657,Yes,Yes,Yes,No,Yes,No,No
2836_44,NotThr,Perennial,Geophyte,ORCHIDACEAE,Fynbos,LC,41571,No,No,No,No,No,No,No
2836_8,NotThr,Perennial,Geophyte,ORCHIDACEAE,Fynbos,LC,21184,Yes,Yes,Yes,No,Yes,Yes,No
2837_15,Thr,Perennial,Geophyte,ORCHIDACEAE,Fynbos,CRPE,100,No,No,No,No,No,No,Yes
2837_5,Thr,Perennial,Geophyte,ORCHIDACEAE,Fynbos,CRPE,10,Yes,Yes,No,No,No,No,No
2837_9,NotThr,Perennial,Geophyte,ORCHIDACEAE,Generalist,LC,165352,Yes,No,Yes,No,No,No,No
2838_15,NotThr,Perennial,Geophyte,ORCHIDACEAE,Grassland,LC,87705,Yes,No,No,No,No,No,No
2838_4003,NotThr,Perennial,Geophyte,ORCHIDACEAE,Fynbos,LC,149196,Yes,No,Yes,No,Yes,No,No
2838_45,Thr,Perennial,Geophyte,ORCHIDACEAE,Generalist,VU,86616,Yes,Yes,Yes,No,No,No,No
2841_18,Thr,Perennial,Geophyte,ORCHIDACEAE,Grassland,CRPE,304,No,Yes,Yes,No,No,No,No
2841_2,NotThr,Perennial,Geophyte,ORCHIDACEAE,Fynbos,LC,43668,No,No,Yes,No,No,No,No
2846_7,NotThr,Perennial,Tree,SOLANACEAE,Generalist,LC,646075,No,No,No,No,No,No,No
2878_10,NotThr,Annual,Herb,BRASSICACEAE,Generalist,LC,74919,No,No,No,No,No,No,No
2878_120,NotThr,Annual,Herb,BRASSICACEAE,Generalist,LC,29565,No,No,No,No,No,No,No
2878_151,NotThr,Annual,Herb,BRASSICACEAE,Generalist,LC,200037,No,No,No,No,No,No,No
2878_4002,NotThr,Perennial,Herb,BRASSICACEAE,Generalist,LC,305410,No,No,No,No,No,No,No
2878_4010,NotThr,Annual,Herb,BRASSICACEAE,Generalist,LC,216616,Yes,Yes,No,No,No,No,No
2878_47,NotThr,Perennial,Herb,BRASSICACEAE,Generalist,LC,259057,Yes,Yes,No,No,No,No,No
2878_70,NotThr,Perennial,Shrub,BRASSICACEAE,Generalist,LC,232604,Yes,Yes,Yes,No,Yes,No,No
2879_2,NotThr,Perennial,Herb,BRASSICACEAE,Generalist,LC,268858,No,No,No,No,No,No,No
2879_30,Thr,Perennial,Herb,BRASSICACEAE,Fynbos,VU,1575,No,No,No,No,No,No,No
2922_25,NotThr,Perennial,Parasitic,LORANTHACEAE,Generalist,LC,1177004,No,No,No,No,No,No,No
2922_28,NotThr,Perennial,Parasitic,LORANTHACEAE,Generalist,LC,172798,No,No,No,No,No,No,No
2925_4001,NotThr,Perennial,Tree,OCHNACEAE,Generalist,LC,589311,Yes,No,Yes,No,No,No,No
2926_24,NotThr,Perennial,Shrub,THYMELAEACEAE,Generalist,LC,392257,Yes,No,No,No,No,No,No
2930_32,NotThr,Perennial,Shrub,THYMELAEACEAE,Fynbos,LC,109817,Yes,No,Yes,No,No,No,No
2931_138,NotThr,Perennial,Shrub,THYMELAEACEAE,Fynbos,LC,19654,No,No,Yes,No,Yes,No,No
2931_54,NotThr,Perennial,Shrub,THYMELAEACEAE,Generalist,LC,41476,No,No,No,No,No,No,No
2931_85,Thr,Perennial,Shrub,THYMELAEACEAE,Fynbos,EN,14,No,Yes,Yes,No,No,No,No
2932_33,NotThr,Perennial,Shrub,THYMELAEACEAE,Generalist,LC,133827,Yes,Yes,Yes,No,No,No,No
2933_27,NotThr,Perennial,Shrub,THYMELAEACEAE,Fynbos,LC,942,No,No,No,No,No,No,No
2933_6,NotThr,Perennial,Shrub,THYMELAEACEAE,Fynbos,LC,10236,No,Yes,Yes,No,Yes,No,No
2938_2,NotThr,Perennial,Shrub,THYMELAEACEAE,Generalist,NT,22409,No,Yes,No,No,Yes,No,No
2944_3,NotThr,Perennial,Tree,OLINIACEAE,Forest,LC,106682,No,No,No,No,No,No,No
2953_8,EX,Perennial,Shrub,MYRTACEAE,Grassland,EX,50,No,Yes,No,No,No,No,No
2976_14,Thr,Perennial,Shrub,ASTERACEAE,Fynbos,VU,5759,Yes,Yes,Yes,No,Yes,Yes,No
3010_1,NotThr,Perennial,Climber,ASTERACEAE,Forest,LC,3438,No,No,No,No,No,No,No
3013_14,NotThr,Perennial,Shrub,ASTERACEAE,Fynbos,LC,2803,No,No,No,No,No,No,No
3021_4,NotThr,Perennial,Shrub,ASTERACEAE,Generalist,LC,57124,No,No,No,No,No,No,No
3024_11,Thr,Perennial,Shrub,ASTERACEAE,Fynbos,CRPE,100,No,Yes,Yes,No,No,No,No
3033_15,NotThr,Perennial,Shrub,ASTERACEAE,Generalist,LC,3482,No,No,No,No,No,No,No
3039_10,NotThr,Perennial,Shrub,ASTERACEAE,Fynbos,LC,152306,Yes,Yes,Yes,No,No,Yes,No
3040_3,NotThr,Perennial,Suffrutex,ASTERACEAE,Fynbos,LC,89541,Yes,Yes,Yes,No,No,No,No
3043_2,NotThr,Perennial,Shrub,ASTERACEAE,Fynbos,LC,7335,No,No,No,No,No,No,No
3048_114,Thr,Perennial,Shrub,ASTERACEAE,Fynbos,CRPE,20,Yes,Yes,No,No,No,No,No
3048_129,NotThr,Perennial,Shrub,ASTERACEAE,Generalist,LC,14446,No,No,No,No,No,No,No
3048_158,Thr,Perennial,Shrub,ASTERACEAE,Nama Karoo,CRPE,100,Yes,No,No,No,No,No,No
3048_50,Thr,Perennial,Shrub,ASTERACEAE,Albany Thicket,VU,50,No,No,No,No,No,No,No
3048_59,Thr,Perennial,Shrub,ASTERACEAE,Fynbos,EN,5,Yes,No,Yes,No,No,No,No
3048_65,NotThr,Perennial,Herb,ASTERACEAE,Generalist,LC,160241,Yes,No,Yes,No,Yes,No,No
3048_97,NotThr,Perennial,Shrub,ASTERACEAE,Generalist,LC,15563,No,No,No,No,No,No,No
3050_84,NotThr,Perennial,Shrub,ASTERACEAE,Savanna,Rare,350,No,No,No,No,No,No,No
3052_72,NotThr,Annual,Herb,ASTERACEAE,Fynbos,LC,2845,No,No,No,No,No,No,No
3052_82,NotThr,Perennial,Shrub,ASTERACEAE,Generalist,LC,11734,No,No,No,No,No,No,No
3053_18,NotThr,Perennial,Shrub,ASTERACEAE,Fynbos,Rare,10,No,No,No,No,No,No,No
3053_24,Thr,Perennial,Shrub,ASTERACEAE,Fynbos,VU,355,No,No,No,No,No,No,No
3058_35,Thr,Perennial,Herb,ASTERACEAE,IOCB,EN,4397,Yes,Yes,Yes,No,No,No,No
3077_153,NotThr,Perennial,Herb,ASTERACEAE,Fynbos,Rare,472,No,No,No,No,No,No,No
3077_4014,NotThr,Perennial,Herb,ASTERACEAE,Grassland,LC,27536,No,No,No,No,No,No,No
3077_4016,NotThr,Perennial,Herb,ASTERACEAE,Grassland,LC,83353,Yes,No,No,No,No,No,No
3082_14,NotThr,Perennial,Shrub,ASTERACEAE,Generalist,LC,111158,Yes,Yes,Yes,No,Yes,Yes,No
3084_30,NotThr,Perennial,Suffrutex,ASTERACEAE,Fynbos,NT,707,No,No,Yes,No,No,No,No
3084_33,NotThr,Perennial,Suffrutex,ASTERACEAE,Generalist,LC,48454,Yes,No,Yes,No,No,No,No
3084_46,NotThr,Annual,Herb,ASTERACEAE,Generalist,LC,1153592,Yes,Yes,No,No,No,No,No
3084_64,NotThr,Perennial,Suffrutex,ASTERACEAE,Fynbos,LC,22779,No,No,No,No,No,No,No
3085_9,Thr,Perennial,Suffrutex,ASTERACEAE,Fynbos,EN,694,No,No,Yes,No,No,No,No
3131_12,NotThr,Perennial,Shrub,ASTERACEAE,Generalist,LC,17122,Yes,Yes,Yes,No,No,No,No
3152_165,NotThr,Perennial,Herb,ASTERACEAE,Generalist,LC,236304,Yes,Yes,Yes,No,No,No,No
3152_195,Thr,Perennial,Herb,ASTERACEAE,Fynbos,CRPE,100,No,Yes,No,No,No,No,No
3152_197,NotThr,Perennial,Shrub,ASTERACEAE,Fynbos,LC,14585,No,No,No,No,No,No,No
3152_198,Thr,Perennial,Herb,ASTERACEAE,Savanna,CRPE,100,Yes,Yes,No,No,No,No,No
3152_316,NotThr,Perennial,Herb,ASTERACEAE,Generalist,LC,565390,Yes,Yes,Yes,No,Yes,Yes,No
3152_376,NotThr,Perennial,Herb,ASTERACEAE,Generalist,LC,5814,No,No,No,No,No,No,No
3152_399,NotThr,Perennial,Herb,ASTERACEAE,Generalist,LC,76128,Yes,Yes,Yes,No,Yes,No,No
3152_440,NotThr,Annual,Herb,ASTERACEAE,Fynbos,LC,15761,No,No,No,No,No,No,No
3152_487,NotThr,Perennial,Herb,ASTERACEAE,Generalist,LC,189636,No,Yes,No,No,No,No,No
3152_5,NotThr,Perennial,Shrub,ASTERACEAE,Generalist,LC,542154,Yes,No,Yes,No,No,No,No
3152_51,NotThr,Perennial,Succulent,ASTERACEAE,Generalist,LC,173515,Yes,No,Yes,No,No,No,No
3152_99,NotThr,Perennial,Succulent,ASTERACEAE,Generalist,LC,95800,No,No,No,No,No,No,No
3162_4002,NotThr,Perennial,Suffrutex,ASTERACEAE,Generalist,LC,22797,No,No,Yes,No,No,No,No
3168_29,Thr,Perennial,Shrub,ASTERACEAE,Fynbos,CRPE,500,No,No,No,No,No,No,No
3184_12,NotThr,Annual,Herb,ASTERACEAE,Grassland,LC,10851,No,No,No,No,No,No,No
3193_110,Thr,Perennial,Suffrutex,ASTERACEAE,Fynbos,VU,48,No,No,No,No,No,No,No
3193_4004,NotThr,Annual,Shrub,ASTERACEAE,Generalist,LC,177240,No,No,No,No,No,No,No
3193_4014,NotThr,Perennial,Shrub,ASTERACEAE,Generalist,LC,644092,No,No,Yes,No,No,No,No
3193_52,EX,Perennial,Shrub,ASTERACEAE,Fynbos,EX,50,No,Yes,No,No,No,No,No
3193_56,NotThr,Perennial,Shrub,ASTERACEAE,Fynbos,LC,14752,Yes,No,No,No,No,No,No
3193_64,NotThr,Perennial,Shrub,ASTERACEAE,Generalist,LC,39146,Yes,No,No,No,No,No,No
3195_2,NotThr,Perennial,Herb,ASTERACEAE,Generalist,LC,146112,Yes,Yes,Yes,No,No,No,No
3195_24,NotThr,Perennial,Suffrutex,ASTERACEAE,Generalist,LC,2282,No,No,No,No,No,No,No
3198_107,NotThr,Perennial,Geophyte,ASTERACEAE,Fynbos,LC,75295,Yes,Yes,Yes,No,Yes,No,No
3198_108,NotThr,Perennial,Geophyte,ASTERACEAE,Fynbos,NT,3193,No,Yes,No,No,No,No,No
3198_121,NotThr,Perennial,Geophyte,ASTERACEAE,Fynbos,Rare,47,No,No,No,No,No,No,No
3198_28,Thr,Perennial,Suffrutex,ASTERACEAE,Fynbos,VU,7016,Yes,Yes,Yes,No,No,No,No
3198_35,NotThr,Perennial,Geophyte,ASTERACEAE,Generalist,LC,42353,No,No,No,No,No,No,No
3198_9,NotThr,Perennial,Succulent,ASTERACEAE,Fynbos,LC,4803,No,Yes,Yes,No,No,No,No
3214_1,NotThr,Perennial,Shrub,ASTERACEAE,Fynbos,Rare,50,No,No,No,No,No,No,No
3214_29,Thr,Perennial,Shrub,ASTERACEAE,Fynbos,VU,2464,No,Yes,Yes,No,No,No,No
3214_33,NotThr,Perennial,Shrub,ASTERACEAE,Generalist,LC,8912,No,Yes,No,No,No,No,No
3221_18,NotThr,Perennial,Shrub,ASTERACEAE,Fynbos,LC,12971,Yes,Yes,Yes,No,No,No,No
3221_31,NotThr,Perennial,Shrub,ASTERACEAE,Fynbos,LC,7865,No,No,No,No,No,No,No
3222_4001,NotThr,Perennial,Shrub,ASTERACEAE,Fynbos,LC,141290,Yes,No,Yes,No,Yes,No,No
3222_61,NotThr,Perennial,Shrub,ASTERACEAE,Generalist,LC,12498,No,No,No,No,No,No,No
3222_74,NotThr,Perennial,Shrub,ASTERACEAE,Generalist,LC,110054,No,No,No,No,No,No,No
3240_113,NotThr,Perennial,Shrub,ASTERACEAE,Grassland,LC,78184,Yes,No,Yes,No,No,No,No
3240_117,NotThr,Perennial,Herb,ASTERACEAE,Generalist,LC,46686,Yes,Yes,Yes,No,Yes,No,No
3240_128,NotThr,Annual,Herb,ASTERACEAE,Grassland,LC,7878,Yes,No,Yes,No,No,No,No
3240_182,NotThr,Perennial,Herb,ASTERACEAE,Generalist,LC,62522,No,No,No,No,No,No,No
3240_183,NotThr,Perennial,Shrub,ASTERACEAE,Grassland,Rare,4,No,No,No,No,No,No,No
3240_229,NotThr,Annual,Herb,ASTERACEAE,Generalist,LC,126940,Yes,Yes,No,No,No,No,No
3240_258,NotThr,Perennial,Herb,ASTERACEAE,Grassland,NT,10126,Yes,No,Yes,No,No,No,No
3240_261,NotThr,Annual,Herb,ASTERACEAE,Generalist,LC,88528,Yes,No,Yes,No,Yes,No,No
3240_271,NotThr,Perennial,Herb,ASTERACEAE,Generalist,LC,27168,Yes,Yes,Yes,No,No,No,No
3240_397,NotThr,Perennial,Herb,ASTERACEAE,Generalist,LC,431488,Yes,Yes,Yes,No,No,No,No
3240_4002,NotThr,Perennial,Herb,ASTERACEAE,Generalist,LC,634491,Yes,Yes,Yes,No,No,No,No
3240_4006,NotThr,Perennial,Herb,ASTERACEAE,Generalist,LC,440223,Yes,Yes,Yes,No,No,No,No
3240_404,NotThr,Perennial,Shrub,ASTERACEAE,Fynbos,LC,43240,Yes,Yes,Yes,No,No,No,No
3240_64,Thr,Perennial,Shrub,ASTERACEAE,Fynbos,VU,719,Yes,Yes,No,No,No,No,No
3241_1,NotThr,Perennial,Herb,ASTERACEAE,Forest,LC,201618,No,No,No,No,No,No,No
3242_17,NotThr,Annual,Herb,ASTERACEAE,Generalist,LC,1057006,No,No,No,No,No,No,No
327_11,NotThr,Perennial,Shrub,FABACEAE,Fynbos,LC,42857,No,No,Yes,No,No,No,No
327_38,Thr,Perennial,Shrub,FABACEAE,Fynbos,EN,1628,No,Yes,Yes,No,No,No,No
327_42,EX,Perennial,Shrub,FABACEAE,Fynbos,EX,20,No,Yes,No,No,No,No,No
327_8,Thr,Perennial,Shrub,FABACEAE,Generalist,VU,3924,Yes,Yes,Yes,No,No,No,No
327_94,NotThr,Perennial,Shrub,FABACEAE,Fynbos,Rare,7944,Yes,No,Yes,No,No,No,No
3272_66,NotThr,Perennial,Herb,ASTERACEAE,Grassland,NT,11200,Yes,Yes,No,No,No,No,No
3326_6,NotThr,Perennial,Herb,ASTERACEAE,Fynbos,LC,51028,No,Yes,Yes,No,No,No,No
3338_33,NotThr,Perennial,Shrub,ASTERACEAE,Generalist,LC,55321,No,No,No,No,No,No,No
3340_10,NotThr,Perennial,Shrub,ASTERACEAE,Generalist,NT,4795,Yes,Yes,No,No,No,No,No
3340_12,NotThr,Perennial,Shrub,ASTERACEAE,Generalist,LC,283473,Yes,Yes,Yes,No,No,No,No
3340_13,Thr,Perennial,Shrub,ASTERACEAE,Grassland,CRPE,10,No,Yes,No,No,No,No,No
3340_14,Thr,Perennial,Herb,ASTERACEAE,Savanna,VU,1529,Yes,No,Yes,No,No,No,No
3354_32,NotThr,Perennial,Shrub,RUTACEAE,Fynbos,LC,4942,No,No,No,No,No,No,No
3359_10,NotThr,Perennial,Shrub,RUTACEAE,Fynbos,LC,4701,Yes,No,Yes,No,No,No,No
3359_108,NotThr,Perennial,Shrub,RUTACEAE,Fynbos,Rare,331,No,No,No,No,No,No,No
3359_136,Thr,Perennial,Shrub,RUTACEAE,Fynbos,CRPE,100,Yes,Yes,No,No,No,No,No
3359_140,NotThr,Perennial,Shrub,RUTACEAE,Generalist,LC,20632,No,Yes,No,No,No,No,No
3359_147,Thr,Perennial,Shrub,RUTACEAE,Fynbos,CRPE,5000,No,Yes,Yes,No,No,No,No
3359_156,Thr,Perennial,Shrub,RUTACEAE,Fynbos,CRPE,10,No,Yes,Yes,No,No,No,No
3359_78,NotThr,Perennial,Shrub,RUTACEAE,Fynbos,NT,4195,No,Yes,Yes,No,No,No,No
3359_89,NotThr,Perennial,Shrub,RUTACEAE,Fynbos,NT,3981,Yes,Yes,Yes,No,No,No,No
3359_96,Thr,Perennial,Shrub,RUTACEAE,Fynbos,CRPE,10,Yes,Yes,No,No,No,No,No
3360_52,NotThr,Perennial,Shrub,RUTACEAE,Fynbos,NT,321,No,Yes,Yes,No,No,No,No
3363_43,NotThr,Perennial,Shrub,RUTACEAE,Fynbos,Rare,114,No,No,No,No,No,No,No
3363_7,NotThr,Perennial,Shrub,RUTACEAE,Fynbos,Rare,493,No,No,No,No,No,No,No
3364_16,EX,Perennial,Shrub,RUTACEAE,Fynbos,EX,5,No,Yes,No,No,No,No,No
3365_8,Thr,Perennial,Shrub,RUTACEAE,Fynbos,VU,184,No,No,No,No,No,No,No
3366_12,NotThr,Perennial,Shrub,RUTACEAE,Fynbos,LC,1009,No,No,No,No,No,No,No
3366_18,Thr,Perennial,Shrub,RUTACEAE,Fynbos,VU,546,No,Yes,Yes,No,No,No,No
3381_1,NotThr,Perennial,Tree,SAPOTACEAE,Generalist,LC,74203,Yes,Yes,Yes,No,No,Yes,No
3381_6,NotThr,Perennial,Tree,SAPOTACEAE,Savanna,LC,190003,No,No,No,No,No,No,No
3408_2,NotThr,Perennial,Shrub,ZYGOPHYLLACEAE,Generalist,LC,154912,No,No,No,No,No,No,No
3408_37,NotThr,Perennial,Shrub,ZYGOPHYLLACEAE,Generalist,LC,261779,Yes,Yes,Yes,No,No,No,No
3408_4002,NotThr,Perennial,Succulent,ZYGOPHYLLACEAE,Generalist,LC,95876,No,No,No,No,No,No,No
3424_1,NotThr,Perennial,Tree,ARECACEAE,Generalist,LC,1796186,Yes,Yes,Yes,No,Yes,No,No
3436_6,NotThr,Perennial,Tree,ULMACEAE,Forest,LC,11616,No,No,No,No,No,No,No
3448_30,NotThr,Perennial,Shrub,ROSACEAE,Generalist,LC,8451,Yes,No,Yes,No,No,No,No
3452_15,NotThr,Perennial,Herb,ROSACEAE,Grassland,LC,71033,No,No,No,No,No,No,No
3452_4001,NotThr,Perennial,Creeper,ROSACEAE,Generalist,LC,292903,No,No,No,No,No,No,No
3455_137,NotThr,Perennial,Shrub,ROSACEAE,Generalist,LC,216714,Yes,Yes,Yes,No,No,No,No
3455_158,NotThr,Perennial,Shrub,ROSACEAE,Fynbos,LC,8848,No,No,No,No,No,No,No
3455_168,NotThr,Perennial,Shrub,ROSACEAE,Fynbos,LC,2336,No,No,No,No,No,No,No
3455_194,Thr,Perennial,Shrub,ROSACEAE,Fynbos,VU,47,No,No,No,No,No,No,No
3455_219,NotThr,Perennial,Shrub,ROSACEAE,Fynbos,LC,2431,No,No,No,No,No,No,No
3455_43,NotThr,Perennial,Shrub,ROSACEAE,Fynbos,LC,1848,No,No,No,No,No,No,No
3455_88,NotThr,Perennial,Shrub,ROSACEAE,Fynbos,LC,8340,No,No,No,No,No,No,No
347_21,EX,Perennial,Shrub,FABACEAE,Fynbos,EX,5,No,Yes,No,No,No,No,No
349_105,NotThr,Annual,Herb,FABACEAE,Savanna,LC,297486,No,No,No,No,No,No,No
349_38,NotThr,Perennial,Herb,FABACEAE,Generalist,LC,37341,No,No,No,No,No,No,No
349_51,NotThr,Perennial,Herb,FABACEAE,Succulent Karoo,LC,28460,No,No,No,No,No,No,No
3492_2,NotThr,Perennial,Lithophyte,POLYPODIACEAE,Forest,LC,480,No,No,No,No,No,No,No
352_2,NotThr,Perennial,Tree,FABACEAE,Generalist,LC,422367,No,No,No,No,No,No,No
3554_28,NotThr,Perennial,Lithophyte,PTERIDACEAE,Generalist,LC,70244,No,No,No,No,No,No,No
3554_30,NotThr,Perennial,Lithophyte,PTERIDACEAE,Generalist,LC,575605,No,No,Yes,No,No,No,No
3554_5,NotThr,Perennial,Lithophyte,PTERIDACEAE,Generalist,LC,605297,No,No,Yes,No,No,No,No
3568_4001,NotThr,Perennial,Shrub,PLUMBAGINACEAE,Generalist,NT,42973,Yes,Yes,No,No,No,Yes,No
3568_4002,NotThr,Perennial,Shrub,PLUMBAGINACEAE,Fynbos,LC,142540,Yes,Yes,Yes,No,No,No,No
3568_9,NotThr,Perennial,Shrub,PLUMBAGINACEAE,Generalist,LC,22804,Yes,No,No,No,No,No,No
357_119,NotThr,Annual,Shrub,FABACEAE,Generalist,LC,296077,No,No,No,No,No,No,No
357_307,Thr,Perennial,Shrub,FABACEAE,Grassland,VU,5460,Yes,No,No,No,No,No,No
357_85,NotThr,Perennial,Herb,FABACEAE,Savanna,LC,82833,No,No,No,No,No,No,No
357_930,NotThr,Perennial,Shrub,FABACEAE,Generalist,LC,523539,No,No,No,No,No,No,No
3590_20,NotThr,Perennial,Shrub,AMARANTHACEAE,Nama Karoo,LC,263460,No,No,No,No,No,No,No
3590_4,NotThr,Perennial,Shrub,AMARANTHACEAE,Generalist,LC,331380,No,No,No,No,No,No,Yes
3590_50,NotThr,Perennial,Shrub,AMARANTHACEAE,Generalist,LC,277152,No,No,No,No,No,No,No
3590_81,NotThr,Perennial,Shrub,AMARANTHACEAE,Generalist,LC,250712,No,Yes,No,No,No,No,No
3592_27,NotThr,Annual,Herb,AMARANTHACEAE,Generalist,LC,798663,Yes,No,Yes,No,No,No,No
3612_135,Thr,Perennial,Shrub,POLYGALACEAE,Fynbos,CRPE,1,Yes,Yes,Yes,Yes,Yes,No,No
3612_87,NotThr,Perennial,Shrub,POLYGALACEAE,Fynbos,LC,584,No,No,No,No,No,No,No
3612_92,Thr,Perennial,Shrub,POLYGALACEAE,Fynbos,VU,8218,Yes,Yes,Yes,No,Yes,Yes,No
3614_14,NotThr,Perennial,Shrub,POLYGALACEAE,Fynbos,LC,1194,No,No,No,No,No,No,No
3614_27,NotThr,Perennial,Herb,POLYGALACEAE,Fynbos,LC,7036,No,Yes,Yes,No,No,No,No
3614_6,NotThr,Perennial,Herb,POLYGALACEAE,Generalist,LC,580919,Yes,Yes,Yes,No,Yes,No,No
3614_66,NotThr,Perennial,Shrub,POLYGALACEAE,Fynbos,LC,2871,No,No,Yes,No,No,No,No
363_10,NotThr,Perennial,Herb,FABACEAE,Generalist,LC,382011,Yes,No,Yes,No,No,No,No
363_4001,NotThr,Perennial,Herb,FABACEAE,Grassland,LC,371207,Yes,No,No,No,No,No,No
364_155,Thr,Perennial,Shrub,FABACEAE,Fynbos,VU,500,No,No,Yes,No,No,No,No
364_179,Thr,Perennial,Shrub,FABACEAE,Fynbos,CRPE,500,No,Yes,No,No,No,No,No
364_232,NotThr,Perennial,Shrub,FABACEAE,Fynbos,Rare,190,No,No,No,No,No,No,No
364_239,NotThr,Perennial,Shrub,FABACEAE,Fynbos,Rare,153,No,No,No,No,No,No,No
364_269,Thr,Perennial,Shrub,FABACEAE,Fynbos,VU,3259,Yes,Yes,No,No,No,No,No
364_298,Thr,Perennial,Shrub,FABACEAE,Fynbos,VU,4210,No,Yes,Yes,No,No,No,No
364_355,NotThr,Perennial,Shrub,FABACEAE,Fynbos,Rare,1994,No,No,No,No,No,No,No
364_368,Thr,Perennial,Shrub,FABACEAE,Fynbos,VU,168,No,No,No,No,No,No,No
364_4,Thr,Perennial,Shrub,FABACEAE,Fynbos,VU,448,No,Yes,No,No,No,Yes,No
364_448,NotThr,Perennial,Shrub,FABACEAE,Generalist,LC,79307,Yes,Yes,Yes,No,Yes,No,No
364_46,NotThr,Perennial,Shrub,FABACEAE,Fynbos,LC,9596,No,No,No,No,No,No,No
364_480,Thr,Perennial,Shrub,FABACEAE,Fynbos,VU,11291,Yes,Yes,Yes,No,No,No,No
364_517,EX,Perennial,Shrub,FABACEAE,Fynbos,EX,5,No,Yes,No,No,No,No,No
364_70,Thr,Perennial,Shrub,FABACEAE,Fynbos,EN,2196,Yes,No,Yes,No,No,No,No
364_77,Thr,Perennial,Shrub,FABACEAE,Fynbos,VU,2405,No,Yes,Yes,No,No,No,No
3652_25,Thr,Perennial,Lithophyte,GESNERIACEAE,Generalist,VU,76,No,No,No,No,No,No,No
3652_67,NotThr,Perennial,Lithophyte,GESNERIACEAE,Generalist,LC,54501,Yes,No,No,No,No,No,No
3662_1,NotThr,Perennial,Tree,SALICACEAE,Forest,LC,37364,No,Yes,No,No,Yes,No,No
367_1,NotThr,Perennial,Shrub,FABACEAE,Generalist,LC,559336,Yes,Yes,Yes,No,Yes,Yes,No
3670_3,NotThr,Perennial,Tree,SALICACEAE,Forest,LC,262134,No,No,No,No,No,No,No
3674_1,NotThr,Perennial,Shrub,STILBACEAE,Fynbos,LC,3457,No,No,Yes,No,No,No,No
3699_18,NotThr,Perennial,Shrub,EBENACEAE,Fynbos,LC,45392,Yes,Yes,Yes,No,No,No,No
3699_26,NotThr,Perennial,Tree,EBENACEAE,Generalist,LC,1855022,Yes,Yes,Yes,No,Yes,Yes,No
3699_60,NotThr,Perennial,Tree,EBENACEAE,Generalist,LC,3140,No,No,No,No,No,No,No
370_4004,NotThr,Perennial,Shrub,FABACEAE,Generalist,LC,617811,No,No,No,No,No,No,No
370_74,NotThr,Perennial,Climber,FABACEAE,Generalist,LC,403113,Yes,No,No,No,No,No,No
370_9,NotThr,Perennial,Shrub,FABACEAE,Fynbos,LC,1056,No,No,No,No,No,No,No
3701_5,NotThr,Perennial,Geophyte,DRYOPTERIDACEAE,Forest,LC,407026,No,No,No,No,No,No,No
3727_11,NotThr,Perennial,Herb,DRYOPTERIDACEAE,Forest,LC,169910,No,No,No,No,No,No,No
3734_11,NotThr,Perennial,Lithophyte,DRYOPTERIDACEAE,Forest,LC,214619,No,No,No,No,No,No,No
3780_1,NotThr,Perennial,Lithophyte,SCHIZAEACEAE,Generalist,LC,857320,Yes,Yes,Yes,No,No,No,No
3790_19,Thr,Perennial,Geophyte,HYACINTHACEAE,Grassland,VU,2300,Yes,Yes,No,No,No,No,No
3790_7,NotThr,Perennial,Geophyte,HYACINTHACEAE,Grassland,LC,12041,Yes,No,No,No,No,No,No
3793_11,NotThr,Perennial,Geophyte,HYACINTHACEAE,Nama Karoo,Rare,1957,No,No,No,No,No,No,No
3795_17,NotThr,Perennial,Geophyte,HYACINTHACEAE,Generalist,LC,7130,No,No,No,No,No,No,No
3795_27,NotThr,Perennial,Geophyte,HYACINTHACEAE,Fynbos,NT,8426,No,Yes,Yes,No,Yes,No,No
3795_48,NotThr,Perennial,Geophyte,HYACINTHACEAE,Generalist,LC,217309,Yes,Yes,Yes,No,No,No,No
3795_58,Thr,Perennial,Geophyte,HYACINTHACEAE,Albany Thicket,CRPE,100,No,Yes,No,No,No,No,No
3795_65,Thr,Perennial,Geophyte,HYACINTHACEAE,Albany Thicket,CRPE,100,No,Yes,No,No,No,No,No
3795_81,NotThr,Perennial,Geophyte,HYACINTHACEAE,Grassland,LC,21440,No,No,No,No,No,No,No
3795_84,Thr,Perennial,Geophyte,HYACINTHACEAE,Fynbos,EN,1402,No,Yes,No,No,No,No,No
3796_384,NotThr,Perennial,Geophyte,HYACINTHACEAE,Grassland,LC,20848,No,No,Yes,No,No,No,No
3796_4001,NotThr,Perennial,Succulent,HYACINTHACEAE,Generalist,LC,669952,Yes,Yes,Yes,No,Yes,No,No
3800_25,NotThr,Perennial,Geophyte,HYACINTHACEAE,Generalist,LC,209444,No,Yes,No,No,No,No,No
3812_10,NotThr,Perennial,Geophyte,HYACINTHACEAE,Generalist,LC,103127,Yes,No,Yes,No,No,No,No
3812_93,NotThr,Perennial,Herb,HYACINTHACEAE,Fynbos,LC,9661,No,No,No,No,No,No,No
3814_127,NotThr,Perennial,Geophyte,HYACINTHACEAE,Generalist,LC,26050,No,No,No,No,No,No,No
3814_128,NotThr,Perennial,Geophyte,HYACINTHACEAE,Succulent Karoo,LC,19534,No,No,No,No,No,No,No
3814_141,NotThr,Perennial,Geophyte,HYACINTHACEAE,Succulent Karoo,NT,1587,No,No,No,No,No,No,No
3814_29,Thr,Perennial,Geophyte,HYACINTHACEAE,Succulent Karoo,VU,50,No,No,No,No,No,No,No
3814_51,NotThr,Perennial,Geophyte,HYACINTHACEAE,Fynbos,Critically Rare,50,No,No,No,No,No,No,No
3814_53,Thr,Perennial,Geophyte,HYACINTHACEAE,Fynbos,VU,17790,Yes,Yes,Yes,No,Yes,Yes,No
3814_57,Thr,Perennial,Geophyte,HYACINTHACEAE,Succulent Karoo,VU,961,No,No,No,No,No,No,No
3814_6,NotThr,Perennial,Geophyte,HYACINTHACEAE,Generalist,NT,18115,No,Yes,No,No,No,No,No
3814_68,NotThr,Perennial,Geophyte,HYACINTHACEAE,Generalist,LC,86684,No,No,Yes,No,No,No,No
3814_75,Thr,Perennial,Geophyte,HYACINTHACEAE,Fynbos,VU,4256,No,Yes,Yes,No,Yes,No,No
3823_18,NotThr,Perennial,Succulent,CRASSULACEAE,Grassland,LC,2917,No,No,No,No,No,No,No
3831_24,NotThr,Perennial,Succulent,CRASSULACEAE,Generalist,LC,5937,No,No,No,No,No,No,No
3831_4002,NotThr,Perennial,Succulent,CRASSULACEAE,Generalist,LC,72122,No,No,No,No,No,No,No
3835_21,NotThr,Perennial,Succulent,CRASSULACEAE,Succulent Karoo,LC,1911,No,No,No,No,No,No,No
3835_215,NotThr,Perennial,Succulent,CRASSULACEAE,Generalist,LC,5465,No,No,No,No,No,No,No
3835_245,NotThr,Perennial,Succulent,CRASSULACEAE,Generalist,LC,24062,No,No,No,No,No,No,No
3835_26,NotThr,Perennial,Succulent,CRASSULACEAE,Generalist,LC,13352,Yes,No,No,No,No,No,No
3835_310,NotThr,Perennial,Succulent,CRASSULACEAE,Fynbos,LC,1221,No,No,No,No,No,No,No
3835_404,Thr,Perennial,Succulent,CRASSULACEAE,Generalist,VU,2559,Yes,Yes,No,No,Yes,No,No
3835_414,Thr,Perennial,Succulent,CRASSULACEAE,Succulent Karoo,VU,9,No,No,No,No,No,No,No
3835_553,NotThr,Perennial,Succulent,CRASSULACEAE,Generalist,LC,524453,Yes,Yes,Yes,No,Yes,No,No
3835_632,NotThr,Perennial,Succulent,CRASSULACEAE,Fynbos,LC,49454,Yes,Yes,Yes,Yes,Yes,Yes,No
3835_826,NotThr,Perennial,Succulent,CRASSULACEAE,Generalist,LC,613279,Yes,Yes,Yes,No,No,Yes,No
3835_906,NotThr,Perennial,Succulent,CRASSULACEAE,Grassland,LC,38113,No,No,No,No,No,No,No
3835_912,NotThr,Perennial,Succulent,CRASSULACEAE,Grassland,LC,385613,Yes,Yes,Yes,No,No,No,No
3835_920,NotThr,Perennial,Succulent,CRASSULACEAE,Generalist,LC,132567,No,Yes,Yes,No,Yes,No,No
3838_29,NotThr,Perennial,Succulent,CRASSULACEAE,Succulent Karoo,LC,43120,No,No,No,No,No,No,No
3846_5,NotThr,Perennial,Tree,SAPINDACEAE,Forest,LC,86554,Yes,Yes,Yes,No,No,No,No
3879_1,Thr,Perennial,Geophyte,ZAMIACEAE,Generalist,VU,81982,Yes,Yes,Yes,No,Yes,No,No
3900_12,NotThr,Perennial,Shrub,ACANTHACEAE,Generalist,LC,211123,Yes,Yes,Yes,No,No,No,No
3900_79,NotThr,Perennial,Shrub,ACANTHACEAE,Savanna,Rare,50,No,No,No,No,No,No,No
3901_23,Thr,Perennial,Herb,ACANTHACEAE,Generalist,VU,1903,No,Yes,Yes,No,No,Yes,No
3901_6,NotThr,Perennial,Herb,ACANTHACEAE,Savanna,NT,9183,Yes,Yes,No,No,No,No,No
3907_21,NotThr,Perennial,Shrub,ACANTHACEAE,Generalist,LC,155564,No,No,No,No,No,No,No
3907_49,Thr,Perennial,Shrub,ACANTHACEAE,Albany Thicket,VU,2016,Yes,Yes,Yes,No,Yes,Yes,No
3909_55,EX,Perennial,Shrub,ACANTHACEAE,IOCB,EX,5,No,Yes,No,No,No,No,No
391_8,NotThr,Annual,Herb,FABACEAE,Generalist,LC,751828,Yes,Yes,Yes,No,Yes,No,No
3927_12,NotThr,Perennial,Herb,ACANTHACEAE,Generalist,LC,20027,Yes,Yes,Yes,No,Yes,No,No
3938_2,NotThr,Perennial,Shrub,ACANTHACEAE,Generalist,LC,16585,No,No,No,No,No,No,No
3972_6,NotThr,Perennial,Tree,DIDIEREACEAE,Generalist,LC,40748,No,No,No,No,No,No,No
3974_4007,NotThr,Perennial,Succulent,ANACAMPSEROTACEAE,Generalist,LC,99187,Yes,No,No,No,Yes,No,No
398_15,NotThr,Perennial,Herb,FABACEAE,Generalist,LC,9735,No,No,No,No,No,No,No
3996_4001,NotThr,Perennial,Geophyte,COLCHICACEAE,Generalist,LC,54186,No,No,No,No,No,No,No
3998_1,NotThr,Perennial,Geophyte,COLCHICACEAE,Grassland,LC,25281,Yes,No,Yes,No,No,No,No
3998_4001,NotThr,Perennial,Geophyte,COLCHICACEAE,Fynbos,LC,51416,Yes,No,Yes,No,Yes,No,No
3998_61,NotThr,Perennial,Geophyte,COLCHICACEAE,Generalist,LC,49231,Yes,Yes,Yes,No,No,No,No
4032_1,NotThr,Perennial,Tree,ANNONACEAE,Forest,LC,237352,Yes,Yes,Yes,No,Yes,No,No
4047_4002,NotThr,Annual,Herb,VAHLIACEAE,Generalist,LC,786358,No,No,No,No,No,No,No
4057_100,Thr,Perennial,Shrub,RHAMNACEAE,Fynbos,VU,3086,No,Yes,Yes,No,No,No,No
4057_14,Thr,Perennial,Shrub,RHAMNACEAE,Fynbos,EN,2806,No,Yes,Yes,No,No,No,No
4057_140,NotThr,Perennial,Tree,RHAMNACEAE,Generalist,LC,694367,Yes,Yes,Yes,No,Yes,No,No
4057_173,Thr,Perennial,Shrub,RHAMNACEAE,Fynbos,CRPE,700,No,No,No,No,No,No,Yes
4057_181,Thr,Perennial,Shrub,RHAMNACEAE,Fynbos,VU,194,No,No,No,No,No,No,No
4057_30,NotThr,Perennial,Shrub,RHAMNACEAE,Fynbos,LC,4122,No,No,No,No,No,No,No
4057_4002,NotThr,Perennial,Shrub,RHAMNACEAE,Generalist,LC,83474,Yes,Yes,Yes,No,No,No,No
4057_66,Thr,Perennial,Shrub,RHAMNACEAE,Generalist,EN,1867,No,Yes,Yes,No,No,No,No
4057_95,Thr,Perennial,Shrub,RHAMNACEAE,Fynbos,VU,1546,No,Yes,No,No,No,No,No
4080_3,NotThr,Perennial,Shrub,VERBENACEAE,Generalist,LC,820508,Yes,Yes,Yes,No,Yes,Yes,No
4082_3,NotThr,Perennial,Shrub,VERBENACEAE,Fynbos,LC,23628,No,No,Yes,No,No,No,No
4088_52,NotThr,Perennial,Parasitic,SANTALACEAE,Generalist,LC,265663,No,No,No,No,No,No,No
4091_66,NotThr,Perennial,Succulent,VITACEAE,Savanna,LC,302936,No,No,No,No,No,No,No
4095_216,NotThr,Perennial,Herb,VITACEAE,Generalist,Rare,2297,Yes,Yes,Yes,No,No,No,No
4116_1,NotThr,Perennial,Herb,HEMEROCALLIDACEAE,Fynbos,Rare,7447,No,No,No,No,No,No,No
4116_2,NotThr,Perennial,Herb,HEMEROCALLIDACEAE,Generalist,LC,250161,Yes,Yes,Yes,No,No,No,No
4117_4,NotThr,Perennial,Herb,AGAVACEAE,Savanna,LC,84941,No,No,No,No,No,No,No
417_4010,NotThr,Annual,Climber,FABACEAE,Generalist,LC,497520,No,No,No,No,No,No,No
421_4011,NotThr,Perennial,Shrub,FABACEAE,Generalist,LC,294035,No,No,No,No,No,No,No
430_1,NotThr,Perennial,Shrub,FABACEAE,Generalist,LC,8590,No,No,No,No,No,No,No
430_38,NotThr,Perennial,Shrub,FABACEAE,Fynbos,NT,549,Yes,No,Yes,No,No,No,No
430_48,NotThr,Perennial,Shrub,FABACEAE,Generalist,LC,13163,No,No,No,No,No,No,No
431_6,Thr,Perennial,Shrub,FABACEAE,Fynbos,VU,2040,Yes,Yes,Yes,No,No,No,No
432_4,NotThr,Perennial,Shrub,FABACEAE,Fynbos,LC,23600,No,No,Yes,No,No,No,No
434_19,NotThr,Perennial,Shrub,FABACEAE,Generalist,LC,108073,Yes,Yes,Yes,No,Yes,Yes,No
435_14,NotThr,Perennial,Shrub,FABACEAE,Fynbos,NT,13550,No,Yes,No,No,No,No,No
435_17,NotThr,Perennial,Shrub,FABACEAE,Generalist,LC,124452,Yes,Yes,Yes,No,Yes,Yes,No
435_42,NotThr,Perennial,Shrub,FABACEAE,Fynbos,Rare,564,Yes,No,Yes,No,No,No,No
437_58,Thr,Perennial,Suffrutex,FABACEAE,Fynbos,CRPE,10,No,Yes,No,No,No,No,No
439_11,Thr,Perennial,Shrub,FABACEAE,Fynbos,VU,173,Yes,No,Yes,No,No,No,No
439_18,EX,Perennial,Shrub,FABACEAE,Fynbos,EX,5,No,Yes,No,No,No,No,No
439_37,Thr,Perennial,Shrub,FABACEAE,Fynbos,CRPE,600,No,Yes,No,No,No,No,No
446_14,NotThr,Perennial,Shrub,FABACEAE,Fynbos,LC,19364,Yes,Yes,Yes,No,Yes,No,No
446_26,NotThr,Perennial,Shrub,FABACEAE,Fynbos,LC,12069,No,No,No,No,No,No,No
446_29,NotThr,Perennial,Shrub,FABACEAE,Fynbos,NT,338,No,No,No,No,No,No,No
446_9,NotThr,Perennial,Shrub,FABACEAE,Generalist,LC,86408,Yes,Yes,Yes,No,Yes,No,No
450_111,NotThr,Annual,Herb,FABACEAE,Generalist,LC,203480,No,No,No,No,No,No,No
450_167,NotThr,Perennial,Shrub,FABACEAE,Fynbos,Rare,2,No,No,No,No,No,No,No
450_171,Thr,Perennial,Shrub,FABACEAE,Fynbos,CRPE,10,No,Yes,No,No,No,No,No
450_64,Thr,Perennial,Shrub,FABACEAE,IOCB,CRPE,2000,Yes,Yes,No,No,No,No,No
451_9,NotThr,Perennial,Herb,FABACEAE,Generalist,LC,350430,Yes,Yes,Yes,No,No,No,No
452_1,NotThr,Perennial,Shrub,FABACEAE,Savanna,LC,152352,No,No,No,No,No,No,No
483_12,Thr,Perennial,Herb,ALLIACEAE,Albany Thicket,CRPE,7,Yes,Yes,No,No,No,No,No
483_16,NotThr,Perennial,Herb,ALLIACEAE,Grassland,LC,18734,No,No,No,No,No,No,No
493_2,NotThr,Perennial,Tree,CYATHEACEAE,Generalist,LC,775268,Yes,Yes,Yes,No,No,No,No
5211_6,NotThr,Perennial,Succulent,APOCYNACEAE,Generalist,LC,8489,No,No,No,No,No,No,No
5522_139,NotThr,Perennial,Shrub,ANACARDIACEAE,Fynbos,LC,24659,No,Yes,Yes,No,No,No,No
5522_158,NotThr,Perennial,Shrub,ANACARDIACEAE,Savanna,LC,87381,Yes,No,No,No,No,No,No
5522_75,NotThr,Perennial,Tree,ANACARDIACEAE,Generalist,LC,175146,Yes,Yes,Yes,Yes,No,Yes,No
574_107,NotThr,Perennial,Shrub,EUPHORBIACEAE,Generalist,LC,245563,Yes,Yes,Yes,No,Yes,Yes,No
574_116,NotThr,Perennial,Tree,EUPHORBIACEAE,Savanna,LC,1194,No,Yes,No,No,No,No,No
574_152,NotThr,Perennial,Tree,EUPHORBIACEAE,Generalist,LC,389673,Yes,Yes,Yes,No,No,Yes,No
574_160,NotThr,Perennial,Succulent,EUPHORBIACEAE,Generalist,LC,106322,No,No,No,No,No,No,No
574_17,NotThr,Perennial,Succulent,EUPHORBIACEAE,Nama Karoo,LC,80383,No,No,No,No,No,No,No
574_183,NotThr,Perennial,Succulent,EUPHORBIACEAE,Generalist,LC,6182,No,No,No,No,No,No,No
574_252,NotThr,Perennial,Succulent,EUPHORBIACEAE,Succulent Karoo,LC,59072,Yes,Yes,No,No,No,No,No
574_259,NotThr,Perennial,Succulent,EUPHORBIACEAE,Generalist,LC,7387,No,No,No,No,No,No,No
574_311,NotThr,Perennial,Succulent,EUPHORBIACEAE,Generalist,LC,548870,Yes,Yes,Yes,No,Yes,No,No
574_4016,NotThr,Perennial,Succulent,EUPHORBIACEAE,Generalist,LC,43498,Yes,Yes,Yes,No,Yes,No,No
576_18,NotThr,Perennial,Shrub,EUPHORBIACEAE,Generalist,LC,6703,No,No,No,No,No,No,No
576_4003,NotThr,Perennial,Herb,EUPHORBIACEAE,Savanna,LC,50611,Yes,No,No,No,No,No,No
581_9,NotThr,Perennial,Herb,EUPHORBIACEAE,Generalist,LC,87553,No,No,No,No,No,No,No
582_31,NotThr,Perennial,Shrub,EUPHORBIACEAE,Generalist,LC,34779,No,No,No,No,No,No,No
587_4001,NotThr,Perennial,Tree,PHYLLANTHACEAE,Generalist,LC,297480,Yes,Yes,Yes,No,No,No,No
594_4001,NotThr,Perennial,Tree,PHYLLANTHACEAE,Generalist,LC,125040,No,No,No,No,No,No,No
602_1,NotThr,Perennial,Tree,PHYLLANTHACEAE,Generalist,LC,4405,No,No,No,No,No,No,No
608_4001,NotThr,Perennial,Tree,PHYLLANTHACEAE,Generalist,LC,204474,No,No,No,No,No,No,No
614_1,NotThr,Perennial,Tree,EUPHORBIACEAE,Generalist,LC,356273,No,No,Yes,No,No,No,No
618_4,NotThr,Perennial,Lithophyte,ANEMIACEAE,Generalist,LC,197449,No,No,No,No,No,No,No
627_8,NotThr,Perennial,Herb,LINACEAE,Fynbos,LC,15821,Yes,Yes,Yes,No,No,No,No
628_2,NotThr,Perennial,Tree,LINACEAE,Generalist,LC,32863,No,No,No,No,No,No,No
699_281,NotThr,Perennial,Shrub,SANTALACEAE,Fynbos,LC,69704,No,Yes,No,No,No,No,No
699_314,NotThr,Perennial,Shrub,SANTALACEAE,Fynbos,LC,2660,No,No,Yes,No,No,No,No
709_1,NotThr,Perennial,Shrub,BIGNONIACEAE,Savanna,LC,237713,No,No,No,No,No,No,No
713_1,NotThr,Perennial,Tree,BIGNONIACEAE,Savanna,LC,771631,No,No,No,No,No,No,No
728_109,NotThr,Perennial,Climber,ASPARAGACEAE,Generalist,LC,36319,No,No,No,No,No,No,No
728_29,NotThr,Perennial,Shrub,ASPARAGACEAE,Grassland,LC,11960,No,No,No,No,No,No,No
728_59,NotThr,Perennial,Shrub,ASPARAGACEAE,Generalist,LC,709442,Yes,No,Yes,No,No,No,No
728_60,NotThr,Perennial,Shrub,ASPARAGACEAE,Fynbos,NT,63871,Yes,Yes,Yes,No,No,Yes,No
728_73,NotThr,Perennial,Climber,ASPARAGACEAE,Generalist,LC,66104,No,No,No,No,No,No,No
728_98,NotThr,Perennial,Shrub,ASPARAGACEAE,Fynbos,NT,265,No,Yes,Yes,No,Yes,No,No
732_5,NotThr,Perennial,Shrub,MALPIGHIACEAE,Generalist,LC,91238,No,No,No,No,No,No,No
7415_7,NotThr,Perennial,Shrub,LORANTHACEAE,Generalist,LC,237949,No,No,No,No,No,No,No
7462_2,EX,Perennial,Herb,ASTERACEAE,Grassland,EX,80,No,Yes,No,No,No,No,No
77_11,NotThr,Perennial,Succulent,AIZOACEAE,Generalist,NT,7297,Yes,Yes,No,Yes,No,No,No
771_16,Thr,Perennial,Shrub,BRUNIACEAE,Fynbos,EN,69,Yes,No,Yes,No,No,No,No
772_29,NotThr,Perennial,Shrub,BRUNIACEAE,Fynbos,LC,1165,No,No,No,No,No,No,No
772_35,Thr,Perennial,Shrub,BRUNIACEAE,IOCB,CR,100,Yes,No,No,Yes,No,No,No
772_42,NotThr,Perennial,Shrub,BRUNIACEAE,Fynbos,LC,8028,No,No,No,No,No,No,No
772_49,NotThr,Perennial,Shrub,BRUNIACEAE,Fynbos,LC,3915,No,No,No,No,No,No,No
777_1,EX,Perennial,Shrub,BRUNIACEAE,Fynbos,EX,10,No,Yes,Yes,No,No,No,No
793_10,Thr,Perennial,Shrub,PROTEACEAE,Fynbos,CRPE,100,No,No,No,No,No,No,No
793_4,Thr,Perennial,Shrub,PROTEACEAE,Fynbos,CRPE,8,No,Yes,Yes,Yes,No,No,No
793_8,NotThr,Perennial,Shrub,PROTEACEAE,Fynbos,LC,5086,No,No,Yes,No,No,No,No
794_131,EX,Perennial,Shrub,PROTEACEAE,Fynbos,EX,10,No,Yes,Yes,No,No,No,No
794_139,Thr,Perennial,Shrub,PROTEACEAE,Fynbos,EN,5490,Yes,Yes,Yes,Yes,No,Yes,No
794_151,NotThr,Perennial,Shrub,PROTEACEAE,Fynbos,NT,3413,Yes,Yes,Yes,No,No,No,No
794_16,Thr,Perennial,Shrub,PROTEACEAE,Fynbos,CR,2755,Yes,Yes,Yes,No,No,Yes,No
794_20,Thr,Perennial,Shrub,PROTEACEAE,Fynbos,CR,44,Yes,No,Yes,No,Yes,No,No
794_61,EX,Perennial,Shrub,PROTEACEAE,Fynbos,EX,10,No,Yes,No,No,No,No,No
794_82,NotThr,Perennial,Shrub,PROTEACEAE,Generalist,NT,7613,Yes,Yes,Yes,No,No,No,No
795_30,NotThr,Perennial,Shrub,PROTEACEAE,Fynbos,NT,779,No,Yes,Yes,No,No,No,No
795_48,NotThr,Perennial,Shrub,PROTEACEAE,Fynbos,NT,6206,No,Yes,Yes,No,No,No,No
799_100,Thr,Perennial,Shrub,PROTEACEAE,Fynbos,CRPE,8,Yes,Yes,Yes,No,No,Yes,No
799_104,NotThr,Perennial,Shrub,PROTEACEAE,Fynbos,LC,5611,No,No,Yes,No,No,No,No
799_141,NotThr,Perennial,Shrub,PROTEACEAE,Fynbos,NT,30894,Yes,Yes,Yes,No,Yes,No,No
799_79,NotThr,Perennial,Tree,PROTEACEAE,Fynbos,LC,60807,Yes,Yes,Yes,No,Yes,No,No
799_88,Thr,Perennial,Shrub,PROTEACEAE,Fynbos,VU,3407,Yes,No,Yes,Yes,No,No,No
803_7,NotThr,Perennial,Shrub,PROTEACEAE,Fynbos,NT,385,Yes,No,Yes,No,No,No,No
805_25,Thr,Perennial,Shrub,PROTEACEAE,Fynbos,CR,58,No,No,Yes,Yes,No,No,No
807_32,NotThr,Perennial,Shrub,PROTEACEAE,Fynbos,NT,6629,Yes,Yes,Yes,No,Yes,No,No
807_50,NotThr,Perennial,Shrub,PROTEACEAE,Fynbos,NT,6192,Yes,Yes,Yes,No,No,No,No
813_1,NotThr,Perennial,Tree,MELIANTHACEAE,Generalist,LC,138714,Yes,Yes,No,No,No,No,No
823_27,Thr,Perennial,Tree,ZAMIACEAE,Generalist,EN,9029,No,No,No,No,Yes,No,No
823_42,EX,Perennial,Tree,ZAMIACEAE,Forest,EW,10,No,No,No,No,Yes,No,No
823_44,EX,Perennial,Tree,ZAMIACEAE,Grassland,EW,10,No,No,No,Yes,Yes,No,No
823_49,EX,Perennial,Tree,ZAMIACEAE,Grassland,EW,10,No,No,No,Yes,Yes,No,No
84_6,NotThr,Perennial,Succulent,AIZOACEAE,Fynbos,LC,14470,No,No,No,No,No,No,No
84_7,NotThr,Perennial,Succulent,AIZOACEAE,Generalist,LC,44458,No,No,No,No,No,No,No
85_75,NotThr,Perennial,Succulent,AIZOACEAE,Nama Karoo,NT,4878,No,No,No,No,No,No,No
854_5,NotThr,Perennial,Tree,ANACARDIACEAE,Generalist,LC,61722,Yes,No,No,No,No,No,No
873_4,NotThr,Perennial,Herb,MELASTOMATACEAE,Generalist,LC,223223,No,No,No,No,No,No,No
88_194,Thr,Perennial,Succulent,AIZOACEAE,Fynbos,EN,4146,Yes,Yes,Yes,No,Yes,Yes,No
88_197,Thr,Perennial,Succulent,AIZOACEAE,Fynbos,VU,12056,Yes,Yes,Yes,Yes,Yes,Yes,No
88_226,EX,Perennial,Succulent,AIZOACEAE,Fynbos,EX,10,No,Yes,No,No,No,No,No
88_23,NotThr,Perennial,Succulent,AIZOACEAE,Fynbos,LC,26598,No,Yes,Yes,No,Yes,No,No
88_77,NotThr,Perennial,Succulent,AIZOACEAE,Fynbos,LC,12966,Yes,Yes,No,No,No,No,No
905_4001,NotThr,Perennial,Herb,CAMPANULACEAE,Generalist,LC,72623,Yes,Yes,Yes,No,No,No,No
915_114,NotThr,Annual,Herb,CAMPANULACEAE,Fynbos,LC,51244,Yes,No,No,No,No,No,No
915_142,NotThr,Perennial,Herb,CAMPANULACEAE,Grassland,LC,166393,Yes,Yes,Yes,No,No,No,No
915_195,NotThr,Perennial,Herb,CAMPANULACEAE,Grassland,LC,29698,No,No,No,No,No,No,No
915_21,NotThr,Annual,Herb,CAMPANULACEAE,Fynbos,LC,74363,Yes,Yes,Yes,No,Yes,No,No
915_4006,NotThr,Perennial,Shrub,CAMPANULACEAE,Fynbos,NT,15222,Yes,Yes,Yes,No,No,No,No
915_4011,NotThr,Perennial,Shrub,CAMPANULACEAE,Generalist,LC,182646,No,No,Yes,No,No,No,No
92_16,NotThr,Perennial,Succulent,AIZOACEAE,Generalist,LC,6503,No,No,No,No,No,No,No
925_2,Thr,Perennial,Tree,CANELLACEAE,Generalist,EN,112571,No,No,No,No,Yes,No,No
933_1,NotThr,Perennial,Shrub,MALVACEAE,Savanna,LC,453109,No,No,No,No,No,No,No
934_4003,NotThr,Perennial,Shrub,MALVACEAE,Generalist,LC,388602,Yes,Yes,Yes,No,No,Yes,No
9364_17,NotThr,Perennial,Geophyte,COLCHICACEAE,Generalist,LC,19667,Yes,No,Yes,No,No,No,No
939_3,NotThr,Perennial,Tree,ICACINACEAE,Forest,LC,75481,Yes,Yes,Yes,No,No,No,No
95_1,NotThr,Perennial,Succulent,AIZOACEAE,Fynbos,LC,4626,No,No,No,No,Yes,No,No
974_1,NotThr,Perennial,Tree,APOCYNACEAE,Savanna,LC,184684,No,No,No,No,No,No,No
979_6,NotThr,Perennial,Climber,APOCYNACEAE,Generalist,LC,382911,No,No,No,No,No,No,No
984_7,NotThr,Perennial,Shrub,APOCYNACEAE,Generalist,LC,98006,Yes,No,Yes,No,Yes,No,No
997_7,Thr,Perennial,Succulent,APOCYNACEAE,Savanna,VU,17268,No,No,No,No,Yes,No,No
